SKU,Product Name,Current Category,Recommended Category,Confidence,Reason
1000029,Shirt Set เซตเสื้อกระโปรง ลายดอกไม้,สินค้าและอุปกรณ์สำหรับเด็ก,เสื้อผ้าและเครื่องประดับ > ชุดเซ็ต,86,ชื่อเป็นเซ็ตหลายชิ้น (เสื้อ+กางเกง/บอดี้สูทหลายชิ้น)
1000035,Sun Surf Salt Shirt เสื้อแขนกุดเด็กผู้หญิงเซ็กส์ซี่,สินค้าและอุปกรณ์สำหรับเด็ก,เสื้อผ้าและเครื่องประดับ > เสื้อเด็ก,82,ชื่อเป็นเสื้อแขนกุด
1000044,RUFFLE STRAP TOP เสื้อครอปสายเดี่ยว,สินค้าและอุปกรณ์สำหรับเด็ก,เสื้อผ้าและเครื่องประดับ > เสื้อเด็ก,85,strap top คือเสื้อ
1000049,Fantasia Abelhinha Koala kids ชุดแฟนตาซีผึ้งน้อยสำหรับเบบี้,สินค้าและอุปกรณ์สำหรับเด็ก,เสื้อผ้าและเครื่องประดับ > ชุดแฟนซี,85,ชุดแฟนตาซีผึ้งน้อย คือชุดสวมบทบาท
1000072,TRACK SUIT ชุดวอร์ม,สินค้าและอุปกรณ์สำหรับเด็ก,เสื้อผ้าและเครื่องประดับ > ชุดเซ็ต,78,track suit คือชุดวอร์มสองชิ้น
100010,DISNEY TIGGER DIE CAST COLLECTOR CAR รถของเล่นหมีพูห์,สินค้าและอุปกรณ์สำหรับเด็ก,ของเล่นและเครื่องนอนการตกแต่ง > ของเล่น,90,รถของเล่นสะสม
100021,Set Pants 2pieces เซตกางเกงขาสั้น 2ชิ้น,สินค้าและอุปกรณ์สำหรับเด็ก,เสื้อผ้าและเครื่องประดับ > ชุดเซ็ต,86,ชื่อเป็นเซ็ตหลายชิ้น (เสื้อ+กางเกง/บอดี้สูทหลายชิ้น)
100025,Sharks Set Body suit and Pants เซตบอดี้สูทและกางเกง 2 ชิ้น ลายฉลาม,สินค้าและอุปกรณ์สำหรับเด็ก,เสื้อผ้าและเครื่องประดับ > ชุดเซ็ต,86,ชื่อเป็นเซ็ตหลายชิ้น (เสื้อ+กางเกง/บอดี้สูทหลายชิ้น)
100031,Set Shirt and Pants เซตเสื้อและกางเกง,สินค้าและอุปกรณ์สำหรับเด็ก,เสื้อผ้าและเครื่องประดับ > ชุดเซ็ต,86,ชื่อเป็นเซ็ตหลายชิ้น (เสื้อ+กางเกง/บอดี้สูทหลายชิ้น)
100032,Set Shirt and Pants 5pieces เซตเสื้อและกางเกง 5ชิ้น,สินค้าและอุปกรณ์สำหรับเด็ก,เสื้อผ้าและเครื่องประดับ > ชุดเซ็ต,86,ชื่อเป็นเซ็ตหลายชิ้น (เสื้อ+กางเกง/บอดี้สูทหลายชิ้น)
100043,Extra Wide Gummi Crib Rail Cover ที่ครอบรางเปล 3 ชิ้น,สินค้าและอุปกรณ์สำหรับเด็ก,ของเล่นและเครื่องนอนการตกแต่ง > เครื่องนอนและผ้าปู,75,ที่ครอบรางเปล คือผ้า/แผ่นสำหรับเปล
100073,Set LEN Mattress protector and Pillow for cot ผ้ารองกันเปื้อนที่นอนและหมอนเด็กอ่อน,สินค้าและอุปกรณ์สำหรับเด็ก,ของเล่นและเครื่องนอนการตกแต่ง > เครื่องนอนและผ้าปู,90,ผ้ารองที่นอนและหมอนเปล
100074,Captivating Crab ที่ครอบกล้อง สำหรับถ่ายรูปเด็ก,สินค้าและอุปกรณ์สำหรับเด็ก,สินค้าและอุปกรณ์สำหรับเด็ก,40,ที่ครอบกล้อง ไม่มีหมวดที่ตรง — คงหมวดปัจจุบัน
100117,Disney Mickey Mouse Baby Boys’ Awesome 2-Piece Sweatsuit Outfit ชุดสเวตสูท 2 ชิ้น สำหรับเด็ก,สินค้าและอุปกรณ์สำหรับเด็ก,เสื้อผ้าและเครื่องประดับ > ชุดเซ็ต,86,ชื่อเป็นเซ็ตหลายชิ้น (เสื้อ+กางเกง/บอดี้สูทหลายชิ้น)
100124,Animal Puppets Large ตุ๊กตามือสิงโตและกบ,สินค้าและอุปกรณ์สำหรับเด็ก,ของเล่นและเครื่องนอนการตกแต่ง > ของเล่น,90,ตุ๊กตาหุ่นมือ
100125,Minion Keychain พวงกุญแจมินเนี่ยน,สินค้าและอุปกรณ์สำหรับเด็ก,สินค้าและอุปกรณ์สำหรับเด็ก,40,พวงกุญแจ ไม่ชัดว่าของเล่นหรือเครื่องประดับ — คงหมวดปัจจุบัน
100126,Wolf Headband Ears ที่คาดผมหมาป่า,สินค้าและอุปกรณ์สำหรับเด็ก,เสื้อผ้าและเครื่องประดับ > เครื่องประดับ,85,ที่คาดผมหูหมาป่า คือเครื่องประดับผม
100128,Christmas Set Shirt and Pants เซตเสื้อและกางเกง ลายคริสต์มาส,สินค้าและอุปกรณ์สำหรับเด็ก,เสื้อผ้าและเครื่องประดับ > ชุดเซ็ต,86,ชื่อเป็นเซ็ตหลายชิ้น (เสื้อ+กางเกง/บอดี้สูทหลายชิ้น)
100133,Silky Soft Muslin Swaddle ผ้าห่อตัวมัสลินเนื้อนุ่ม,สินค้าและอุปกรณ์สำหรับเด็ก,ของเล่นและเครื่องนอนการตกแต่ง > เครื่องนอนและผ้าปู,88,ผ้าห่อตัวมัสลิน คือผ้าใช้กับทารก/เปล
100139,Fuzzy Plush Blanket ผ้าห่มหนานุ่ม,สินค้าและอุปกรณ์สำหรับเด็ก,ของเล่นและเครื่องนอนการตกแต่ง > เครื่องนอนและผ้าปู,90,ผ้าห่ม
100159,Coollision shirt เสื้อลายดอก,สินค้าและอุปกรณ์สำหรับเด็ก,เสื้อผ้าและเครื่องประดับ > เสื้อเด็ก,82,ชื่อเป็นเสื้อ
100164,Taglet Security Blanket ผ้าห่มรักษาความปลอดภัย,สินค้าและอุปกรณ์สำหรับเด็ก,ของเล่นและเครื่องนอนการตกแต่ง > เครื่องนอนและผ้าปู,85,ผ้าห่ม security blanket
100178,Car Set Shirt and Pants เซตเสื้อและกางเกง ลายรถ,สินค้าและอุปกรณ์สำหรับเด็ก,เสื้อผ้าและเครื่องประดับ > ชุดเซ็ต,86,ชื่อเป็นเซ็ตหลายชิ้น (เสื้อ+กางเกง/บอดี้สูทหลายชิ้น)
100188,Winter Vintage plan shirt เสื้อวินเทจ,สินค้าและอุปกรณ์สำหรับเด็ก,เสื้อผ้าและเครื่องประดับ > เสื้อเด็ก,82,ชื่อเป็นเสื้อ
100195,Inside Scoop Suction ถ้วยจานเด็กเล็ก,สินค้าและอุปกรณ์สำหรับเด็ก,เครื่องมือการเลี้ยงดูเด็ก > อุปกรณ์ให้นมและอาหาร,82,ถ้วยจานเด็ก
100197,Nuby no-spill and Nuby anti-finger ขวดน้ำเด็ก,สินค้าและอุปกรณ์สำหรับเด็ก,เครื่องมือการเลี้ยงดูเด็ก > อุปกรณ์ให้นมและอาหาร,85,ขวดน้ำเด็กกันหก
1010001,1010001,สินค้าและอุปกรณ์สำหรับเด็ก,สินค้าและอุปกรณ์สำหรับเด็ก,15,ชื่อเป็นรหัส SKU อย่างเดียว ไม่เดาหมวด
1010002,1010002,สินค้าและอุปกรณ์สำหรับเด็ก,สินค้าและอุปกรณ์สำหรับเด็ก,15,ชื่อเป็นรหัส SKU อย่างเดียว ไม่เดาหมวด
1010003,1010003,สินค้าและอุปกรณ์สำหรับเด็ก,สินค้าและอุปกรณ์สำหรับเด็ก,15,ชื่อเป็นรหัส SKU อย่างเดียว ไม่เดาหมวด
1010007,1010007,สินค้าและอุปกรณ์สำหรับเด็ก,สินค้าและอุปกรณ์สำหรับเด็ก,15,ชื่อเป็นรหัส SKU อย่างเดียว ไม่เดาหมวด
1010009,1010009,สินค้าและอุปกรณ์สำหรับเด็ก,สินค้าและอุปกรณ์สำหรับเด็ก,15,ชื่อเป็นรหัส SKU อย่างเดียว ไม่เดาหมวด
1010011,1010011,สินค้าและอุปกรณ์สำหรับเด็ก,สินค้าและอุปกรณ์สำหรับเด็ก,15,ชื่อเป็นรหัส SKU อย่างเดียว ไม่เดาหมวด
1010013,1010013,สินค้าและอุปกรณ์สำหรับเด็ก,สินค้าและอุปกรณ์สำหรับเด็ก,15,ชื่อเป็นรหัส SKU อย่างเดียว ไม่เดาหมวด
1010014,1010014,สินค้าและอุปกรณ์สำหรับเด็ก,สินค้าและอุปกรณ์สำหรับเด็ก,15,ชื่อเป็นรหัส SKU อย่างเดียว ไม่เดาหมวด
1010016,1010016,สินค้าและอุปกรณ์สำหรับเด็ก,สินค้าและอุปกรณ์สำหรับเด็ก,15,ชื่อเป็นรหัส SKU อย่างเดียว ไม่เดาหมวด
1010018,1010018,สินค้าและอุปกรณ์สำหรับเด็ก,สินค้าและอุปกรณ์สำหรับเด็ก,15,ชื่อเป็นรหัส SKU อย่างเดียว ไม่เดาหมวด
1010021,1010021,สินค้าและอุปกรณ์สำหรับเด็ก,สินค้าและอุปกรณ์สำหรับเด็ก,15,ชื่อเป็นรหัส SKU อย่างเดียว ไม่เดาหมวด
1010023,1010023,สินค้าและอุปกรณ์สำหรับเด็ก,สินค้าและอุปกรณ์สำหรับเด็ก,15,ชื่อเป็นรหัส SKU อย่างเดียว ไม่เดาหมวด
1010024,1010024,สินค้าและอุปกรณ์สำหรับเด็ก,สินค้าและอุปกรณ์สำหรับเด็ก,15,ชื่อเป็นรหัส SKU อย่างเดียว ไม่เดาหมวด
1010025,1010025,สินค้าและอุปกรณ์สำหรับเด็ก,สินค้าและอุปกรณ์สำหรับเด็ก,15,ชื่อเป็นรหัส SKU อย่างเดียว ไม่เดาหมวด
1100018,Box for candy Anpanman กล่อง(Anpanman)อเนกประสงค์สหรับใส่ขนม,สินค้าและอุปกรณ์สำหรับเด็ก,สินค้าและอุปกรณ์สำหรับเด็ก,40,กล่องใส่ขนม ไม่มีหมวดที่ตรง — คงหมวดปัจจุบัน
1100019,Freestyle Spare parts kit ชิ้นส่วนอะไหล่สำหรับเครื่องปั๊มนมคุณแม่,สินค้าและอุปกรณ์สำหรับเด็ก,เครื่องมือการเลี้ยงดูเด็ก > อุปกรณ์ให้นมและอาหาร,85,อะไหล่เครื่องปั๊มนม
110002,110002,สินค้าและอุปกรณ์สำหรับเด็ก,สินค้าและอุปกรณ์สำหรับเด็ก,15,ชื่อเป็นรหัส SKU อย่างเดียว ไม่เดาหมวด
1100020,1100020,สินค้าและอุปกรณ์สำหรับเด็ก,สินค้าและอุปกรณ์สำหรับเด็ก,15,ชื่อเป็นรหัส SKU อย่างเดียว ไม่เดาหมวด
110003,110003,สินค้าและอุปกรณ์สำหรับเด็ก,สินค้าและอุปกรณ์สำหรับเด็ก,15,ชื่อเป็นรหัส SKU อย่างเดียว ไม่เดาหมวด
110005,110005,สินค้าและอุปกรณ์สำหรับเด็ก,สินค้าและอุปกรณ์สำหรับเด็ก,15,ชื่อเป็นรหัส SKU อย่างเดียว ไม่เดาหมวด
110006,110006,สินค้าและอุปกรณ์สำหรับเด็ก,สินค้าและอุปกรณ์สำหรับเด็ก,15,ชื่อเป็นรหัส SKU อย่างเดียว ไม่เดาหมวด
110007,110007,สินค้าและอุปกรณ์สำหรับเด็ก,สินค้าและอุปกรณ์สำหรับเด็ก,15,ชื่อเป็นรหัส SKU อย่างเดียว ไม่เดาหมวด
110009,110009,สินค้าและอุปกรณ์สำหรับเด็ก,สินค้าและอุปกรณ์สำหรับเด็ก,15,ชื่อเป็นรหัส SKU อย่างเดียว ไม่เดาหมวด
110013,110013,สินค้าและอุปกรณ์สำหรับเด็ก,สินค้าและอุปกรณ์สำหรับเด็ก,15,ชื่อเป็นรหัส SKU อย่างเดียว ไม่เดาหมวด
110014,110014,สินค้าและอุปกรณ์สำหรับเด็ก,สินค้าและอุปกรณ์สำหรับเด็ก,15,ชื่อเป็นรหัส SKU อย่างเดียว ไม่เดาหมวด
110015,110015,สินค้าและอุปกรณ์สำหรับเด็ก,สินค้าและอุปกรณ์สำหรับเด็ก,15,ชื่อเป็นรหัส SKU อย่างเดียว ไม่เดาหมวด
110017,110017,สินค้าและอุปกรณ์สำหรับเด็ก,สินค้าและอุปกรณ์สำหรับเด็ก,15,ชื่อเป็นรหัส SKU อย่างเดียว ไม่เดาหมวด
110020,110020,สินค้าและอุปกรณ์สำหรับเด็ก,สินค้าและอุปกรณ์สำหรับเด็ก,15,ชื่อเป็นรหัส SKU อย่างเดียว ไม่เดาหมวด
110023,110023,สินค้าและอุปกรณ์สำหรับเด็ก,สินค้าและอุปกรณ์สำหรับเด็ก,15,ชื่อเป็นรหัส SKU อย่างเดียว ไม่เดาหมวด
110024,110024,สินค้าและอุปกรณ์สำหรับเด็ก,สินค้าและอุปกรณ์สำหรับเด็ก,15,ชื่อเป็นรหัส SKU อย่างเดียว ไม่เดาหมวด
110025,110025,สินค้าและอุปกรณ์สำหรับเด็ก,สินค้าและอุปกรณ์สำหรับเด็ก,15,ชื่อเป็นรหัส SKU อย่างเดียว ไม่เดาหมวด
110026,110026,สินค้าและอุปกรณ์สำหรับเด็ก,สินค้าและอุปกรณ์สำหรับเด็ก,15,ชื่อเป็นรหัส SKU อย่างเดียว ไม่เดาหมวด
110027,110027,สินค้าและอุปกรณ์สำหรับเด็ก,สินค้าและอุปกรณ์สำหรับเด็ก,15,ชื่อเป็นรหัส SKU อย่างเดียว ไม่เดาหมวด
110029,110029,สินค้าและอุปกรณ์สำหรับเด็ก,สินค้าและอุปกรณ์สำหรับเด็ก,15,ชื่อเป็นรหัส SKU อย่างเดียว ไม่เดาหมวด
110032,110032,สินค้าและอุปกรณ์สำหรับเด็ก,สินค้าและอุปกรณ์สำหรับเด็ก,15,ชื่อเป็นรหัส SKU อย่างเดียว ไม่เดาหมวด
110033,110033,สินค้าและอุปกรณ์สำหรับเด็ก,สินค้าและอุปกรณ์สำหรับเด็ก,15,ชื่อเป็นรหัส SKU อย่างเดียว ไม่เดาหมวด
110035,110035,สินค้าและอุปกรณ์สำหรับเด็ก,สินค้าและอุปกรณ์สำหรับเด็ก,15,ชื่อเป็นรหัส SKU อย่างเดียว ไม่เดาหมวด
110038,110038,สินค้าและอุปกรณ์สำหรับเด็ก,สินค้าและอุปกรณ์สำหรับเด็ก,15,ชื่อเป็นรหัส SKU อย่างเดียว ไม่เดาหมวด
110039,110039,สินค้าและอุปกรณ์สำหรับเด็ก,สินค้าและอุปกรณ์สำหรับเด็ก,15,ชื่อเป็นรหัส SKU อย่างเดียว ไม่เดาหมวด
110040,110040,สินค้าและอุปกรณ์สำหรับเด็ก,สินค้าและอุปกรณ์สำหรับเด็ก,15,ชื่อเป็นรหัส SKU อย่างเดียว ไม่เดาหมวด
110041,110041,สินค้าและอุปกรณ์สำหรับเด็ก,สินค้าและอุปกรณ์สำหรับเด็ก,15,ชื่อเป็นรหัส SKU อย่างเดียว ไม่เดาหมวด
110042,110042,สินค้าและอุปกรณ์สำหรับเด็ก,สินค้าและอุปกรณ์สำหรับเด็ก,15,ชื่อเป็นรหัส SKU อย่างเดียว ไม่เดาหมวด
110044,110044,สินค้าและอุปกรณ์สำหรับเด็ก,สินค้าและอุปกรณ์สำหรับเด็ก,15,ชื่อเป็นรหัส SKU อย่างเดียว ไม่เดาหมวด
110045,110045,สินค้าและอุปกรณ์สำหรับเด็ก,สินค้าและอุปกรณ์สำหรับเด็ก,15,ชื่อเป็นรหัส SKU อย่างเดียว ไม่เดาหมวด
110047,110047,สินค้าและอุปกรณ์สำหรับเด็ก,สินค้าและอุปกรณ์สำหรับเด็ก,15,ชื่อเป็นรหัส SKU อย่างเดียว ไม่เดาหมวด
110049,110049,สินค้าและอุปกรณ์สำหรับเด็ก,สินค้าและอุปกรณ์สำหรับเด็ก,15,ชื่อเป็นรหัส SKU อย่างเดียว ไม่เดาหมวด
110050,110050,สินค้าและอุปกรณ์สำหรับเด็ก,สินค้าและอุปกรณ์สำหรับเด็ก,15,ชื่อเป็นรหัส SKU อย่างเดียว ไม่เดาหมวด
110051,110051,สินค้าและอุปกรณ์สำหรับเด็ก,สินค้าและอุปกรณ์สำหรับเด็ก,15,ชื่อเป็นรหัส SKU อย่างเดียว ไม่เดาหมวด
110052,110052,สินค้าและอุปกรณ์สำหรับเด็ก,สินค้าและอุปกรณ์สำหรับเด็ก,15,ชื่อเป็นรหัส SKU อย่างเดียว ไม่เดาหมวด
110054,110054,สินค้าและอุปกรณ์สำหรับเด็ก,สินค้าและอุปกรณ์สำหรับเด็ก,15,ชื่อเป็นรหัส SKU อย่างเดียว ไม่เดาหมวด
110056,110056,สินค้าและอุปกรณ์สำหรับเด็ก,สินค้าและอุปกรณ์สำหรับเด็ก,15,ชื่อเป็นรหัส SKU อย่างเดียว ไม่เดาหมวด
110057,110057,สินค้าและอุปกรณ์สำหรับเด็ก,สินค้าและอุปกรณ์สำหรับเด็ก,15,ชื่อเป็นรหัส SKU อย่างเดียว ไม่เดาหมวด
110059,110059,สินค้าและอุปกรณ์สำหรับเด็ก,สินค้าและอุปกรณ์สำหรับเด็ก,15,ชื่อเป็นรหัส SKU อย่างเดียว ไม่เดาหมวด
110061,110061,สินค้าและอุปกรณ์สำหรับเด็ก,สินค้าและอุปกรณ์สำหรับเด็ก,15,ชื่อเป็นรหัส SKU อย่างเดียว ไม่เดาหมวด
110062,110062,สินค้าและอุปกรณ์สำหรับเด็ก,สินค้าและอุปกรณ์สำหรับเด็ก,15,ชื่อเป็นรหัส SKU อย่างเดียว ไม่เดาหมวด
110063,110063,สินค้าและอุปกรณ์สำหรับเด็ก,สินค้าและอุปกรณ์สำหรับเด็ก,15,ชื่อเป็นรหัส SKU อย่างเดียว ไม่เดาหมวด
110064,110064,สินค้าและอุปกรณ์สำหรับเด็ก,สินค้าและอุปกรณ์สำหรับเด็ก,15,ชื่อเป็นรหัส SKU อย่างเดียว ไม่เดาหมวด
110065,110065,สินค้าและอุปกรณ์สำหรับเด็ก,สินค้าและอุปกรณ์สำหรับเด็ก,15,ชื่อเป็นรหัส SKU อย่างเดียว ไม่เดาหมวด
110066,110066,สินค้าและอุปกรณ์สำหรับเด็ก,สินค้าและอุปกรณ์สำหรับเด็ก,15,ชื่อเป็นรหัส SKU อย่างเดียว ไม่เดาหมวด
110067,110067,สินค้าและอุปกรณ์สำหรับเด็ก,สินค้าและอุปกรณ์สำหรับเด็ก,15,ชื่อเป็นรหัส SKU อย่างเดียว ไม่เดาหมวด
110068,110068,สินค้าและอุปกรณ์สำหรับเด็ก,สินค้าและอุปกรณ์สำหรับเด็ก,15,ชื่อเป็นรหัส SKU อย่างเดียว ไม่เดาหมวด
110069,110069,สินค้าและอุปกรณ์สำหรับเด็ก,สินค้าและอุปกรณ์สำหรับเด็ก,15,ชื่อเป็นรหัส SKU อย่างเดียว ไม่เดาหมวด
110070,110070,สินค้าและอุปกรณ์สำหรับเด็ก,สินค้าและอุปกรณ์สำหรับเด็ก,15,ชื่อเป็นรหัส SKU อย่างเดียว ไม่เดาหมวด
110071,110071,สินค้าและอุปกรณ์สำหรับเด็ก,สินค้าและอุปกรณ์สำหรับเด็ก,15,ชื่อเป็นรหัส SKU อย่างเดียว ไม่เดาหมวด
110072,110072,สินค้าและอุปกรณ์สำหรับเด็ก,สินค้าและอุปกรณ์สำหรับเด็ก,15,ชื่อเป็นรหัส SKU อย่างเดียว ไม่เดาหมวด
110074,110074,สินค้าและอุปกรณ์สำหรับเด็ก,สินค้าและอุปกรณ์สำหรับเด็ก,15,ชื่อเป็นรหัส SKU อย่างเดียว ไม่เดาหมวด
110075,110075,สินค้าและอุปกรณ์สำหรับเด็ก,สินค้าและอุปกรณ์สำหรับเด็ก,15,ชื่อเป็นรหัส SKU อย่างเดียว ไม่เดาหมวด
110076,110076,สินค้าและอุปกรณ์สำหรับเด็ก,สินค้าและอุปกรณ์สำหรับเด็ก,15,ชื่อเป็นรหัส SKU อย่างเดียว ไม่เดาหมวด
110077,110077,สินค้าและอุปกรณ์สำหรับเด็ก,สินค้าและอุปกรณ์สำหรับเด็ก,15,ชื่อเป็นรหัส SKU อย่างเดียว ไม่เดาหมวด
110078,110078,สินค้าและอุปกรณ์สำหรับเด็ก,สินค้าและอุปกรณ์สำหรับเด็ก,15,ชื่อเป็นรหัส SKU อย่างเดียว ไม่เดาหมวด
110079,110079,สินค้าและอุปกรณ์สำหรับเด็ก,สินค้าและอุปกรณ์สำหรับเด็ก,15,ชื่อเป็นรหัส SKU อย่างเดียว ไม่เดาหมวด
110082,110082,สินค้าและอุปกรณ์สำหรับเด็ก,สินค้าและอุปกรณ์สำหรับเด็ก,15,ชื่อเป็นรหัส SKU อย่างเดียว ไม่เดาหมวด
110083,110083,สินค้าและอุปกรณ์สำหรับเด็ก,สินค้าและอุปกรณ์สำหรับเด็ก,15,ชื่อเป็นรหัส SKU อย่างเดียว ไม่เดาหมวด
110084,110084,สินค้าและอุปกรณ์สำหรับเด็ก,สินค้าและอุปกรณ์สำหรับเด็ก,15,ชื่อเป็นรหัส SKU อย่างเดียว ไม่เดาหมวด
110085,110085,สินค้าและอุปกรณ์สำหรับเด็ก,สินค้าและอุปกรณ์สำหรับเด็ก,15,ชื่อเป็นรหัส SKU อย่างเดียว ไม่เดาหมวด
110086,110086,สินค้าและอุปกรณ์สำหรับเด็ก,สินค้าและอุปกรณ์สำหรับเด็ก,15,ชื่อเป็นรหัส SKU อย่างเดียว ไม่เดาหมวด
110087,110087,สินค้าและอุปกรณ์สำหรับเด็ก,สินค้าและอุปกรณ์สำหรับเด็ก,15,ชื่อเป็นรหัส SKU อย่างเดียว ไม่เดาหมวด
110089,110089,สินค้าและอุปกรณ์สำหรับเด็ก,สินค้าและอุปกรณ์สำหรับเด็ก,15,ชื่อเป็นรหัส SKU อย่างเดียว ไม่เดาหมวด
110090,110090,สินค้าและอุปกรณ์สำหรับเด็ก,สินค้าและอุปกรณ์สำหรับเด็ก,15,ชื่อเป็นรหัส SKU อย่างเดียว ไม่เดาหมวด
110092,110092,(none),(none),15,ชื่อเป็นรหัส SKU อย่างเดียว ไม่เดาหมวด
110094,110094,สินค้าและอุปกรณ์สำหรับเด็ก,สินค้าและอุปกรณ์สำหรับเด็ก,15,ชื่อเป็นรหัส SKU อย่างเดียว ไม่เดาหมวด
110095,110095,สินค้าและอุปกรณ์สำหรับเด็ก,สินค้าและอุปกรณ์สำหรับเด็ก,15,ชื่อเป็นรหัส SKU อย่างเดียว ไม่เดาหมวด
110097,110097,สินค้าและอุปกรณ์สำหรับเด็ก,สินค้าและอุปกรณ์สำหรับเด็ก,15,ชื่อเป็นรหัส SKU อย่างเดียว ไม่เดาหมวด
110098,110098,สินค้าและอุปกรณ์สำหรับเด็ก,สินค้าและอุปกรณ์สำหรับเด็ก,15,ชื่อเป็นรหัส SKU อย่างเดียว ไม่เดาหมวด
110099,110099,สินค้าและอุปกรณ์สำหรับเด็ก,สินค้าและอุปกรณ์สำหรับเด็ก,15,ชื่อเป็นรหัส SKU อย่างเดียว ไม่เดาหมวด
110100,110100,สินค้าและอุปกรณ์สำหรับเด็ก,สินค้าและอุปกรณ์สำหรับเด็ก,15,ชื่อเป็นรหัส SKU อย่างเดียว ไม่เดาหมวด
110101,110101,สินค้าและอุปกรณ์สำหรับเด็ก,สินค้าและอุปกรณ์สำหรับเด็ก,15,ชื่อเป็นรหัส SKU อย่างเดียว ไม่เดาหมวด
110102,110102,สินค้าและอุปกรณ์สำหรับเด็ก,สินค้าและอุปกรณ์สำหรับเด็ก,15,ชื่อเป็นรหัส SKU อย่างเดียว ไม่เดาหมวด
110103,110103,สินค้าและอุปกรณ์สำหรับเด็ก,สินค้าและอุปกรณ์สำหรับเด็ก,15,ชื่อเป็นรหัส SKU อย่างเดียว ไม่เดาหมวด
110104,110104,สินค้าและอุปกรณ์สำหรับเด็ก,สินค้าและอุปกรณ์สำหรับเด็ก,15,ชื่อเป็นรหัส SKU อย่างเดียว ไม่เดาหมวด
110105,110105,สินค้าและอุปกรณ์สำหรับเด็ก,สินค้าและอุปกรณ์สำหรับเด็ก,15,ชื่อเป็นรหัส SKU อย่างเดียว ไม่เดาหมวด
110106,110106,สินค้าและอุปกรณ์สำหรับเด็ก,สินค้าและอุปกรณ์สำหรับเด็ก,15,ชื่อเป็นรหัส SKU อย่างเดียว ไม่เดาหมวด
110107,110107,สินค้าและอุปกรณ์สำหรับเด็ก,สินค้าและอุปกรณ์สำหรับเด็ก,15,ชื่อเป็นรหัส SKU อย่างเดียว ไม่เดาหมวด
110108,110108,สินค้าและอุปกรณ์สำหรับเด็ก,สินค้าและอุปกรณ์สำหรับเด็ก,15,ชื่อเป็นรหัส SKU อย่างเดียว ไม่เดาหมวด
110109,110109,สินค้าและอุปกรณ์สำหรับเด็ก,สินค้าและอุปกรณ์สำหรับเด็ก,15,ชื่อเป็นรหัส SKU อย่างเดียว ไม่เดาหมวด
110110,110110,สินค้าและอุปกรณ์สำหรับเด็ก,สินค้าและอุปกรณ์สำหรับเด็ก,15,ชื่อเป็นรหัส SKU อย่างเดียว ไม่เดาหมวด
110111,110111,สินค้าและอุปกรณ์สำหรับเด็ก,สินค้าและอุปกรณ์สำหรับเด็ก,15,ชื่อเป็นรหัส SKU อย่างเดียว ไม่เดาหมวด
110112,110112,สินค้าและอุปกรณ์สำหรับเด็ก,สินค้าและอุปกรณ์สำหรับเด็ก,15,ชื่อเป็นรหัส SKU อย่างเดียว ไม่เดาหมวด
110113,110113,สินค้าและอุปกรณ์สำหรับเด็ก,สินค้าและอุปกรณ์สำหรับเด็ก,15,ชื่อเป็นรหัส SKU อย่างเดียว ไม่เดาหมวด
110114,110114,สินค้าและอุปกรณ์สำหรับเด็ก,สินค้าและอุปกรณ์สำหรับเด็ก,15,ชื่อเป็นรหัส SKU อย่างเดียว ไม่เดาหมวด
110115,110115,สินค้าและอุปกรณ์สำหรับเด็ก,สินค้าและอุปกรณ์สำหรับเด็ก,15,ชื่อเป็นรหัส SKU อย่างเดียว ไม่เดาหมวด
110116,110116,สินค้าและอุปกรณ์สำหรับเด็ก,สินค้าและอุปกรณ์สำหรับเด็ก,15,ชื่อเป็นรหัส SKU อย่างเดียว ไม่เดาหมวด
110117,110117,สินค้าและอุปกรณ์สำหรับเด็ก,สินค้าและอุปกรณ์สำหรับเด็ก,15,ชื่อเป็นรหัส SKU อย่างเดียว ไม่เดาหมวด
110118,110118,สินค้าและอุปกรณ์สำหรับเด็ก,สินค้าและอุปกรณ์สำหรับเด็ก,15,ชื่อเป็นรหัส SKU อย่างเดียว ไม่เดาหมวด
110119,110119,สินค้าและอุปกรณ์สำหรับเด็ก,สินค้าและอุปกรณ์สำหรับเด็ก,15,ชื่อเป็นรหัส SKU อย่างเดียว ไม่เดาหมวด
110120,110120,สินค้าและอุปกรณ์สำหรับเด็ก,สินค้าและอุปกรณ์สำหรับเด็ก,15,ชื่อเป็นรหัส SKU อย่างเดียว ไม่เดาหมวด
110121,110121,สินค้าและอุปกรณ์สำหรับเด็ก,สินค้าและอุปกรณ์สำหรับเด็ก,15,ชื่อเป็นรหัส SKU อย่างเดียว ไม่เดาหมวด
110122,110122,สินค้าและอุปกรณ์สำหรับเด็ก,สินค้าและอุปกรณ์สำหรับเด็ก,15,ชื่อเป็นรหัส SKU อย่างเดียว ไม่เดาหมวด
110123,110123,สินค้าและอุปกรณ์สำหรับเด็ก,สินค้าและอุปกรณ์สำหรับเด็ก,15,ชื่อเป็นรหัส SKU อย่างเดียว ไม่เดาหมวด
110124,110124,สินค้าและอุปกรณ์สำหรับเด็ก,สินค้าและอุปกรณ์สำหรับเด็ก,15,ชื่อเป็นรหัส SKU อย่างเดียว ไม่เดาหมวด
110125,110125,สินค้าและอุปกรณ์สำหรับเด็ก,สินค้าและอุปกรณ์สำหรับเด็ก,15,ชื่อเป็นรหัส SKU อย่างเดียว ไม่เดาหมวด
110128,110128,สินค้าและอุปกรณ์สำหรับเด็ก,สินค้าและอุปกรณ์สำหรับเด็ก,15,ชื่อเป็นรหัส SKU อย่างเดียว ไม่เดาหมวด
110129,110129,สินค้าและอุปกรณ์สำหรับเด็ก,สินค้าและอุปกรณ์สำหรับเด็ก,15,ชื่อเป็นรหัส SKU อย่างเดียว ไม่เดาหมวด
110130,110130,สินค้าและอุปกรณ์สำหรับเด็ก,สินค้าและอุปกรณ์สำหรับเด็ก,15,ชื่อเป็นรหัส SKU อย่างเดียว ไม่เดาหมวด
110131,110131,สินค้าและอุปกรณ์สำหรับเด็ก,สินค้าและอุปกรณ์สำหรับเด็ก,15,ชื่อเป็นรหัส SKU อย่างเดียว ไม่เดาหมวด
110132,110132,สินค้าและอุปกรณ์สำหรับเด็ก,สินค้าและอุปกรณ์สำหรับเด็ก,15,ชื่อเป็นรหัส SKU อย่างเดียว ไม่เดาหมวด
110134,110134,สินค้าและอุปกรณ์สำหรับเด็ก,สินค้าและอุปกรณ์สำหรับเด็ก,15,ชื่อเป็นรหัส SKU อย่างเดียว ไม่เดาหมวด
110135,110135,สินค้าและอุปกรณ์สำหรับเด็ก,สินค้าและอุปกรณ์สำหรับเด็ก,15,ชื่อเป็นรหัส SKU อย่างเดียว ไม่เดาหมวด
110136,110136,สินค้าและอุปกรณ์สำหรับเด็ก,สินค้าและอุปกรณ์สำหรับเด็ก,15,ชื่อเป็นรหัส SKU อย่างเดียว ไม่เดาหมวด
110137,110137,สินค้าและอุปกรณ์สำหรับเด็ก,สินค้าและอุปกรณ์สำหรับเด็ก,15,ชื่อเป็นรหัส SKU อย่างเดียว ไม่เดาหมวด
110138,110138,สินค้าและอุปกรณ์สำหรับเด็ก,สินค้าและอุปกรณ์สำหรับเด็ก,15,ชื่อเป็นรหัส SKU อย่างเดียว ไม่เดาหมวด
110140,110140,สินค้าและอุปกรณ์สำหรับเด็ก,สินค้าและอุปกรณ์สำหรับเด็ก,15,ชื่อเป็นรหัส SKU อย่างเดียว ไม่เดาหมวด
110141,110141,สินค้าและอุปกรณ์สำหรับเด็ก,สินค้าและอุปกรณ์สำหรับเด็ก,15,ชื่อเป็นรหัส SKU อย่างเดียว ไม่เดาหมวด
110142,110142,สินค้าและอุปกรณ์สำหรับเด็ก,สินค้าและอุปกรณ์สำหรับเด็ก,15,ชื่อเป็นรหัส SKU อย่างเดียว ไม่เดาหมวด
110143,110143,สินค้าและอุปกรณ์สำหรับเด็ก,สินค้าและอุปกรณ์สำหรับเด็ก,15,ชื่อเป็นรหัส SKU อย่างเดียว ไม่เดาหมวด
110144,110144,สินค้าและอุปกรณ์สำหรับเด็ก,สินค้าและอุปกรณ์สำหรับเด็ก,15,ชื่อเป็นรหัส SKU อย่างเดียว ไม่เดาหมวด
110145,110145,สินค้าและอุปกรณ์สำหรับเด็ก,สินค้าและอุปกรณ์สำหรับเด็ก,15,ชื่อเป็นรหัส SKU อย่างเดียว ไม่เดาหมวด
200001,Anti GERD Baby Pillow หมอนกันกรดไหลย้อน,สินค้าและอุปกรณ์สำหรับเด็ก,ของเล่นและเครื่องนอนการตกแต่ง > เครื่องนอนและผ้าปู,85,หมอนกันกรดไหลย้อน
200007,HUGGIES ผ้าห่มเด็กมีฮู้ดหมี,สินค้าและอุปกรณ์สำหรับเด็ก,ของเล่นและเครื่องนอนการตกแต่ง > เครื่องนอนและผ้าปู,85,ผ้าห่มเด็กมีฮู้ด
200008,Camera Baby MOM Bag กระเป๋าเก็บความเย็น,สินค้าและอุปกรณ์สำหรับเด็ก,เสื้อผ้าและเครื่องประดับ > กระเป๋า,82,กระเป๋าเก็บความเย็นของแม่
200009,Skip hop bandana buddies activity fox ของเล่นแขวนผ้า,สินค้าและอุปกรณ์สำหรับเด็ก,ของเล่นและเครื่องนอนการตกแต่ง > ของเล่น,90,ของเล่นแขวนกิจกรรม
200010,Total support headrest หมอนรองคอเด็ก,สินค้าและอุปกรณ์สำหรับเด็ก,ของเล่นและเครื่องนอนการตกแต่ง > เครื่องนอนและผ้าปู,85,หมอนรองคอ
200011,Total support headrest หมอนรองคอเด็กรูปตัว U ลายสิงโต,สินค้าและอุปกรณ์สำหรับเด็ก,ของเล่นและเครื่องนอนการตกแต่ง > เครื่องนอนและผ้าปู,85,หมอนรองคอ
200012,Total support headrest หมอนรองคอเด็ก,สินค้าและอุปกรณ์สำหรับเด็ก,ของเล่นและเครื่องนอนการตกแต่ง > เครื่องนอนและผ้าปู,85,หมอนรองคอ
200029,Baby and Kids Food Processon เครื่องทำอาหารเสริมสำหรับเด็กแบบอเนกประสงค์,สินค้าและอุปกรณ์สำหรับเด็ก,เครื่องมือการเลี้ยงดูเด็ก > อุปกรณ์ให้นมและอาหาร,88,เครื่องทำอาหารเสริมเด็ก
200038,Pants set เซตกางเกงขาวยาว,สินค้าและอุปกรณ์สำหรับเด็ก,เสื้อผ้าและเครื่องประดับ > ชุดเซ็ต,86,ชื่อเป็นเซ็ตหลายชิ้น (เสื้อ+กางเกง/บอดี้สูทหลายชิ้น)
200064,Star pattern pants set เซตกางเกงขายาว รูปดาว,สินค้าและอุปกรณ์สำหรับเด็ก,เสื้อผ้าและเครื่องประดับ > ชุดเซ็ต,86,ชื่อเป็นเซ็ตหลายชิ้น (เสื้อ+กางเกง/บอดี้สูทหลายชิ้น)
200116,Elephants Set Shirt and Pants เซตเสื้อและกางเกง ลายช้าง,สินค้าและอุปกรณ์สำหรับเด็ก,เสื้อผ้าและเครื่องประดับ > ชุดเซ็ต,86,ชื่อเป็นเซ็ตหลายชิ้น (เสื้อ+กางเกง/บอดี้สูทหลายชิ้น)
210001,210001,สินค้าและอุปกรณ์สำหรับเด็ก,สินค้าและอุปกรณ์สำหรับเด็ก,15,ชื่อเป็นรหัส SKU อย่างเดียว ไม่เดาหมวด
210003,210003,สินค้าและอุปกรณ์สำหรับเด็ก,สินค้าและอุปกรณ์สำหรับเด็ก,15,ชื่อเป็นรหัส SKU อย่างเดียว ไม่เดาหมวด
210004,210004,สินค้าและอุปกรณ์สำหรับเด็ก,สินค้าและอุปกรณ์สำหรับเด็ก,15,ชื่อเป็นรหัส SKU อย่างเดียว ไม่เดาหมวด
210007,210007,สินค้าและอุปกรณ์สำหรับเด็ก,สินค้าและอุปกรณ์สำหรับเด็ก,15,ชื่อเป็นรหัส SKU อย่างเดียว ไม่เดาหมวด
210010,210010,สินค้าและอุปกรณ์สำหรับเด็ก,สินค้าและอุปกรณ์สำหรับเด็ก,15,ชื่อเป็นรหัส SKU อย่างเดียว ไม่เดาหมวด
210011,210011,สินค้าและอุปกรณ์สำหรับเด็ก,สินค้าและอุปกรณ์สำหรับเด็ก,15,ชื่อเป็นรหัส SKU อย่างเดียว ไม่เดาหมวด
210014,210014,สินค้าและอุปกรณ์สำหรับเด็ก,สินค้าและอุปกรณ์สำหรับเด็ก,15,ชื่อเป็นรหัส SKU อย่างเดียว ไม่เดาหมวด
210015,210015,สินค้าและอุปกรณ์สำหรับเด็ก,สินค้าและอุปกรณ์สำหรับเด็ก,15,ชื่อเป็นรหัส SKU อย่างเดียว ไม่เดาหมวด
210016,210016,สินค้าและอุปกรณ์สำหรับเด็ก,สินค้าและอุปกรณ์สำหรับเด็ก,15,ชื่อเป็นรหัส SKU อย่างเดียว ไม่เดาหมวด
210017,210017,สินค้าและอุปกรณ์สำหรับเด็ก,สินค้าและอุปกรณ์สำหรับเด็ก,15,ชื่อเป็นรหัส SKU อย่างเดียว ไม่เดาหมวด
210018,210018,สินค้าและอุปกรณ์สำหรับเด็ก,สินค้าและอุปกรณ์สำหรับเด็ก,15,ชื่อเป็นรหัส SKU อย่างเดียว ไม่เดาหมวด
210020,210020,สินค้าและอุปกรณ์สำหรับเด็ก,สินค้าและอุปกรณ์สำหรับเด็ก,15,ชื่อเป็นรหัส SKU อย่างเดียว ไม่เดาหมวด
210021,210021,สินค้าและอุปกรณ์สำหรับเด็ก,สินค้าและอุปกรณ์สำหรับเด็ก,15,ชื่อเป็นรหัส SKU อย่างเดียว ไม่เดาหมวด
210022,210022,สินค้าและอุปกรณ์สำหรับเด็ก,สินค้าและอุปกรณ์สำหรับเด็ก,15,ชื่อเป็นรหัส SKU อย่างเดียว ไม่เดาหมวด
210023,210023,สินค้าและอุปกรณ์สำหรับเด็ก,สินค้าและอุปกรณ์สำหรับเด็ก,15,ชื่อเป็นรหัส SKU อย่างเดียว ไม่เดาหมวด
210024,210024,สินค้าและอุปกรณ์สำหรับเด็ก,สินค้าและอุปกรณ์สำหรับเด็ก,15,ชื่อเป็นรหัส SKU อย่างเดียว ไม่เดาหมวด
210025,210025,สินค้าและอุปกรณ์สำหรับเด็ก,สินค้าและอุปกรณ์สำหรับเด็ก,15,ชื่อเป็นรหัส SKU อย่างเดียว ไม่เดาหมวด
210027,210027,สินค้าและอุปกรณ์สำหรับเด็ก,สินค้าและอุปกรณ์สำหรับเด็ก,15,ชื่อเป็นรหัส SKU อย่างเดียว ไม่เดาหมวด
210028,210028,สินค้าและอุปกรณ์สำหรับเด็ก,สินค้าและอุปกรณ์สำหรับเด็ก,15,ชื่อเป็นรหัส SKU อย่างเดียว ไม่เดาหมวด
210029,210029,สินค้าและอุปกรณ์สำหรับเด็ก,สินค้าและอุปกรณ์สำหรับเด็ก,15,ชื่อเป็นรหัส SKU อย่างเดียว ไม่เดาหมวด
210030,210030,สินค้าและอุปกรณ์สำหรับเด็ก,สินค้าและอุปกรณ์สำหรับเด็ก,15,ชื่อเป็นรหัส SKU อย่างเดียว ไม่เดาหมวด
210031,210031,สินค้าและอุปกรณ์สำหรับเด็ก,สินค้าและอุปกรณ์สำหรับเด็ก,15,ชื่อเป็นรหัส SKU อย่างเดียว ไม่เดาหมวด
210032,210032,สินค้าและอุปกรณ์สำหรับเด็ก,สินค้าและอุปกรณ์สำหรับเด็ก,15,ชื่อเป็นรหัส SKU อย่างเดียว ไม่เดาหมวด
210033,210033,สินค้าและอุปกรณ์สำหรับเด็ก,สินค้าและอุปกรณ์สำหรับเด็ก,15,ชื่อเป็นรหัส SKU อย่างเดียว ไม่เดาหมวด
210034,210034,สินค้าและอุปกรณ์สำหรับเด็ก,สินค้าและอุปกรณ์สำหรับเด็ก,15,ชื่อเป็นรหัส SKU อย่างเดียว ไม่เดาหมวด
210035,210035,สินค้าและอุปกรณ์สำหรับเด็ก,สินค้าและอุปกรณ์สำหรับเด็ก,15,ชื่อเป็นรหัส SKU อย่างเดียว ไม่เดาหมวด
210036,210036,สินค้าและอุปกรณ์สำหรับเด็ก,สินค้าและอุปกรณ์สำหรับเด็ก,15,ชื่อเป็นรหัส SKU อย่างเดียว ไม่เดาหมวด
210038,210038,สินค้าและอุปกรณ์สำหรับเด็ก,สินค้าและอุปกรณ์สำหรับเด็ก,15,ชื่อเป็นรหัส SKU อย่างเดียว ไม่เดาหมวด
210039,210039,สินค้าและอุปกรณ์สำหรับเด็ก,สินค้าและอุปกรณ์สำหรับเด็ก,15,ชื่อเป็นรหัส SKU อย่างเดียว ไม่เดาหมวด
210041,210041,สินค้าและอุปกรณ์สำหรับเด็ก,สินค้าและอุปกรณ์สำหรับเด็ก,15,ชื่อเป็นรหัส SKU อย่างเดียว ไม่เดาหมวด
210042,210042,เสื้อผ้าและเครื่องประดับ,เสื้อผ้าและเครื่องประดับ,15,ชื่อเป็นรหัส SKU อย่างเดียว ไม่เดาหมวด
210043,210043,สินค้าและอุปกรณ์สำหรับเด็ก,สินค้าและอุปกรณ์สำหรับเด็ก,15,ชื่อเป็นรหัส SKU อย่างเดียว ไม่เดาหมวด
210044,210044,สินค้าและอุปกรณ์สำหรับเด็ก,สินค้าและอุปกรณ์สำหรับเด็ก,15,ชื่อเป็นรหัส SKU อย่างเดียว ไม่เดาหมวด
210046,210046,สินค้าและอุปกรณ์สำหรับเด็ก,สินค้าและอุปกรณ์สำหรับเด็ก,15,ชื่อเป็นรหัส SKU อย่างเดียว ไม่เดาหมวด
210047,210047,สินค้าและอุปกรณ์สำหรับเด็ก,สินค้าและอุปกรณ์สำหรับเด็ก,15,ชื่อเป็นรหัส SKU อย่างเดียว ไม่เดาหมวด
210048,210048,สินค้าและอุปกรณ์สำหรับเด็ก,สินค้าและอุปกรณ์สำหรับเด็ก,15,ชื่อเป็นรหัส SKU อย่างเดียว ไม่เดาหมวด
210051,210051,สินค้าและอุปกรณ์สำหรับเด็ก,สินค้าและอุปกรณ์สำหรับเด็ก,15,ชื่อเป็นรหัส SKU อย่างเดียว ไม่เดาหมวด
210052,210052,สินค้าและอุปกรณ์สำหรับเด็ก,สินค้าและอุปกรณ์สำหรับเด็ก,15,ชื่อเป็นรหัส SKU อย่างเดียว ไม่เดาหมวด
210055,210055,สินค้าและอุปกรณ์สำหรับเด็ก,สินค้าและอุปกรณ์สำหรับเด็ก,15,ชื่อเป็นรหัส SKU อย่างเดียว ไม่เดาหมวด
210056,210056,สินค้าและอุปกรณ์สำหรับเด็ก,สินค้าและอุปกรณ์สำหรับเด็ก,15,ชื่อเป็นรหัส SKU อย่างเดียว ไม่เดาหมวด
210057,210057,สินค้าและอุปกรณ์สำหรับเด็ก,สินค้าและอุปกรณ์สำหรับเด็ก,15,ชื่อเป็นรหัส SKU อย่างเดียว ไม่เดาหมวด
210058,210058,สินค้าและอุปกรณ์สำหรับเด็ก,สินค้าและอุปกรณ์สำหรับเด็ก,15,ชื่อเป็นรหัส SKU อย่างเดียว ไม่เดาหมวด
210059,210059,สินค้าและอุปกรณ์สำหรับเด็ก,สินค้าและอุปกรณ์สำหรับเด็ก,15,ชื่อเป็นรหัส SKU อย่างเดียว ไม่เดาหมวด
210060,210060,สินค้าและอุปกรณ์สำหรับเด็ก,สินค้าและอุปกรณ์สำหรับเด็ก,15,ชื่อเป็นรหัส SKU อย่างเดียว ไม่เดาหมวด
210061,210061,สินค้าและอุปกรณ์สำหรับเด็ก,สินค้าและอุปกรณ์สำหรับเด็ก,15,ชื่อเป็นรหัส SKU อย่างเดียว ไม่เดาหมวด
210063,210063,สินค้าและอุปกรณ์สำหรับเด็ก,สินค้าและอุปกรณ์สำหรับเด็ก,15,ชื่อเป็นรหัส SKU อย่างเดียว ไม่เดาหมวด
210065,210065,สินค้าและอุปกรณ์สำหรับเด็ก,สินค้าและอุปกรณ์สำหรับเด็ก,15,ชื่อเป็นรหัส SKU อย่างเดียว ไม่เดาหมวด
210066,210066,สินค้าและอุปกรณ์สำหรับเด็ก,สินค้าและอุปกรณ์สำหรับเด็ก,15,ชื่อเป็นรหัส SKU อย่างเดียว ไม่เดาหมวด
210067,210067,สินค้าและอุปกรณ์สำหรับเด็ก,สินค้าและอุปกรณ์สำหรับเด็ก,15,ชื่อเป็นรหัส SKU อย่างเดียว ไม่เดาหมวด
210068,210068,สินค้าและอุปกรณ์สำหรับเด็ก,สินค้าและอุปกรณ์สำหรับเด็ก,15,ชื่อเป็นรหัส SKU อย่างเดียว ไม่เดาหมวด
210069,210069,สินค้าและอุปกรณ์สำหรับเด็ก,สินค้าและอุปกรณ์สำหรับเด็ก,15,ชื่อเป็นรหัส SKU อย่างเดียว ไม่เดาหมวด
210072,210072,สินค้าและอุปกรณ์สำหรับเด็ก,สินค้าและอุปกรณ์สำหรับเด็ก,15,ชื่อเป็นรหัส SKU อย่างเดียว ไม่เดาหมวด
210074,210074,สินค้าและอุปกรณ์สำหรับเด็ก,สินค้าและอุปกรณ์สำหรับเด็ก,15,ชื่อเป็นรหัส SKU อย่างเดียว ไม่เดาหมวด
210078,210078,สินค้าและอุปกรณ์สำหรับเด็ก,สินค้าและอุปกรณ์สำหรับเด็ก,15,ชื่อเป็นรหัส SKU อย่างเดียว ไม่เดาหมวด
210079,210079,สินค้าและอุปกรณ์สำหรับเด็ก,สินค้าและอุปกรณ์สำหรับเด็ก,15,ชื่อเป็นรหัส SKU อย่างเดียว ไม่เดาหมวด
210080,210080,สินค้าและอุปกรณ์สำหรับเด็ก,สินค้าและอุปกรณ์สำหรับเด็ก,15,ชื่อเป็นรหัส SKU อย่างเดียว ไม่เดาหมวด
210081,210081,สินค้าและอุปกรณ์สำหรับเด็ก,สินค้าและอุปกรณ์สำหรับเด็ก,15,ชื่อเป็นรหัส SKU อย่างเดียว ไม่เดาหมวด
210082,210082,สินค้าและอุปกรณ์สำหรับเด็ก,สินค้าและอุปกรณ์สำหรับเด็ก,15,ชื่อเป็นรหัส SKU อย่างเดียว ไม่เดาหมวด
210083,210083,สินค้าและอุปกรณ์สำหรับเด็ก,สินค้าและอุปกรณ์สำหรับเด็ก,15,ชื่อเป็นรหัส SKU อย่างเดียว ไม่เดาหมวด
210084,210084,สินค้าและอุปกรณ์สำหรับเด็ก,สินค้าและอุปกรณ์สำหรับเด็ก,15,ชื่อเป็นรหัส SKU อย่างเดียว ไม่เดาหมวด
210086,210086,สินค้าและอุปกรณ์สำหรับเด็ก,สินค้าและอุปกรณ์สำหรับเด็ก,15,ชื่อเป็นรหัส SKU อย่างเดียว ไม่เดาหมวด
210087,210087,สินค้าและอุปกรณ์สำหรับเด็ก,สินค้าและอุปกรณ์สำหรับเด็ก,15,ชื่อเป็นรหัส SKU อย่างเดียว ไม่เดาหมวด
210088,210088,สินค้าและอุปกรณ์สำหรับเด็ก,สินค้าและอุปกรณ์สำหรับเด็ก,15,ชื่อเป็นรหัส SKU อย่างเดียว ไม่เดาหมวด
210089,210089,สินค้าและอุปกรณ์สำหรับเด็ก,สินค้าและอุปกรณ์สำหรับเด็ก,15,ชื่อเป็นรหัส SKU อย่างเดียว ไม่เดาหมวด
210091,210091,สินค้าและอุปกรณ์สำหรับเด็ก,สินค้าและอุปกรณ์สำหรับเด็ก,15,ชื่อเป็นรหัส SKU อย่างเดียว ไม่เดาหมวด
210092,210092,สินค้าและอุปกรณ์สำหรับเด็ก,สินค้าและอุปกรณ์สำหรับเด็ก,15,ชื่อเป็นรหัส SKU อย่างเดียว ไม่เดาหมวด
210093,210093,สินค้าและอุปกรณ์สำหรับเด็ก,สินค้าและอุปกรณ์สำหรับเด็ก,15,ชื่อเป็นรหัส SKU อย่างเดียว ไม่เดาหมวด
210095,210095,สินค้าและอุปกรณ์สำหรับเด็ก,สินค้าและอุปกรณ์สำหรับเด็ก,15,ชื่อเป็นรหัส SKU อย่างเดียว ไม่เดาหมวด
210097,210097,สินค้าและอุปกรณ์สำหรับเด็ก,สินค้าและอุปกรณ์สำหรับเด็ก,15,ชื่อเป็นรหัส SKU อย่างเดียว ไม่เดาหมวด
210098,210098,สินค้าและอุปกรณ์สำหรับเด็ก,สินค้าและอุปกรณ์สำหรับเด็ก,15,ชื่อเป็นรหัส SKU อย่างเดียว ไม่เดาหมวด
210099,210099,สินค้าและอุปกรณ์สำหรับเด็ก,สินค้าและอุปกรณ์สำหรับเด็ก,15,ชื่อเป็นรหัส SKU อย่างเดียว ไม่เดาหมวด
210100,210100,สินค้าและอุปกรณ์สำหรับเด็ก,สินค้าและอุปกรณ์สำหรับเด็ก,15,ชื่อเป็นรหัส SKU อย่างเดียว ไม่เดาหมวด
210101,210101,สินค้าและอุปกรณ์สำหรับเด็ก,สินค้าและอุปกรณ์สำหรับเด็ก,15,ชื่อเป็นรหัส SKU อย่างเดียว ไม่เดาหมวด
210103,210103,สินค้าและอุปกรณ์สำหรับเด็ก,สินค้าและอุปกรณ์สำหรับเด็ก,15,ชื่อเป็นรหัส SKU อย่างเดียว ไม่เดาหมวด
210104,210104,สินค้าและอุปกรณ์สำหรับเด็ก,สินค้าและอุปกรณ์สำหรับเด็ก,15,ชื่อเป็นรหัส SKU อย่างเดียว ไม่เดาหมวด
210106,210106,สินค้าและอุปกรณ์สำหรับเด็ก,สินค้าและอุปกรณ์สำหรับเด็ก,15,ชื่อเป็นรหัส SKU อย่างเดียว ไม่เดาหมวด
210107,210107,สินค้าและอุปกรณ์สำหรับเด็ก,สินค้าและอุปกรณ์สำหรับเด็ก,15,ชื่อเป็นรหัส SKU อย่างเดียว ไม่เดาหมวด
210108,210108,สินค้าและอุปกรณ์สำหรับเด็ก,สินค้าและอุปกรณ์สำหรับเด็ก,15,ชื่อเป็นรหัส SKU อย่างเดียว ไม่เดาหมวด
210109,210109,สินค้าและอุปกรณ์สำหรับเด็ก,สินค้าและอุปกรณ์สำหรับเด็ก,15,ชื่อเป็นรหัส SKU อย่างเดียว ไม่เดาหมวด
210110,210110,สินค้าและอุปกรณ์สำหรับเด็ก,สินค้าและอุปกรณ์สำหรับเด็ก,15,ชื่อเป็นรหัส SKU อย่างเดียว ไม่เดาหมวด
210113,210113,สินค้าและอุปกรณ์สำหรับเด็ก,สินค้าและอุปกรณ์สำหรับเด็ก,15,ชื่อเป็นรหัส SKU อย่างเดียว ไม่เดาหมวด
210114,210114,สินค้าและอุปกรณ์สำหรับเด็ก,สินค้าและอุปกรณ์สำหรับเด็ก,15,ชื่อเป็นรหัส SKU อย่างเดียว ไม่เดาหมวด
210115,210115,สินค้าและอุปกรณ์สำหรับเด็ก,สินค้าและอุปกรณ์สำหรับเด็ก,15,ชื่อเป็นรหัส SKU อย่างเดียว ไม่เดาหมวด
210117,210117,สินค้าและอุปกรณ์สำหรับเด็ก,สินค้าและอุปกรณ์สำหรับเด็ก,15,ชื่อเป็นรหัส SKU อย่างเดียว ไม่เดาหมวด
210118,210118,สินค้าและอุปกรณ์สำหรับเด็ก,สินค้าและอุปกรณ์สำหรับเด็ก,15,ชื่อเป็นรหัส SKU อย่างเดียว ไม่เดาหมวด
210119,210119,สินค้าและอุปกรณ์สำหรับเด็ก,สินค้าและอุปกรณ์สำหรับเด็ก,15,ชื่อเป็นรหัส SKU อย่างเดียว ไม่เดาหมวด
210120,210120,สินค้าและอุปกรณ์สำหรับเด็ก,สินค้าและอุปกรณ์สำหรับเด็ก,15,ชื่อเป็นรหัส SKU อย่างเดียว ไม่เดาหมวด
210121,210121,สินค้าและอุปกรณ์สำหรับเด็ก,สินค้าและอุปกรณ์สำหรับเด็ก,15,ชื่อเป็นรหัส SKU อย่างเดียว ไม่เดาหมวด
210122,210122,สินค้าและอุปกรณ์สำหรับเด็ก,สินค้าและอุปกรณ์สำหรับเด็ก,15,ชื่อเป็นรหัส SKU อย่างเดียว ไม่เดาหมวด
210127,210127,สินค้าและอุปกรณ์สำหรับเด็ก,สินค้าและอุปกรณ์สำหรับเด็ก,15,ชื่อเป็นรหัส SKU อย่างเดียว ไม่เดาหมวด
210128,210128,สินค้าและอุปกรณ์สำหรับเด็ก,สินค้าและอุปกรณ์สำหรับเด็ก,15,ชื่อเป็นรหัส SKU อย่างเดียว ไม่เดาหมวด
210129,210129,สินค้าและอุปกรณ์สำหรับเด็ก,สินค้าและอุปกรณ์สำหรับเด็ก,15,ชื่อเป็นรหัส SKU อย่างเดียว ไม่เดาหมวด
210130,210130,สินค้าและอุปกรณ์สำหรับเด็ก,สินค้าและอุปกรณ์สำหรับเด็ก,15,ชื่อเป็นรหัส SKU อย่างเดียว ไม่เดาหมวด
210131,210131,สินค้าและอุปกรณ์สำหรับเด็ก,สินค้าและอุปกรณ์สำหรับเด็ก,15,ชื่อเป็นรหัส SKU อย่างเดียว ไม่เดาหมวด
210133,210133,สินค้าและอุปกรณ์สำหรับเด็ก,สินค้าและอุปกรณ์สำหรับเด็ก,15,ชื่อเป็นรหัส SKU อย่างเดียว ไม่เดาหมวด
210134,210134,สินค้าและอุปกรณ์สำหรับเด็ก,สินค้าและอุปกรณ์สำหรับเด็ก,15,ชื่อเป็นรหัส SKU อย่างเดียว ไม่เดาหมวด
210135,210135,สินค้าและอุปกรณ์สำหรับเด็ก,สินค้าและอุปกรณ์สำหรับเด็ก,15,ชื่อเป็นรหัส SKU อย่างเดียว ไม่เดาหมวด
210138,210138,สินค้าและอุปกรณ์สำหรับเด็ก,สินค้าและอุปกรณ์สำหรับเด็ก,15,ชื่อเป็นรหัส SKU อย่างเดียว ไม่เดาหมวด
210140,210140,สินค้าและอุปกรณ์สำหรับเด็ก,สินค้าและอุปกรณ์สำหรับเด็ก,15,ชื่อเป็นรหัส SKU อย่างเดียว ไม่เดาหมวด
210141,210141,สินค้าและอุปกรณ์สำหรับเด็ก,สินค้าและอุปกรณ์สำหรับเด็ก,15,ชื่อเป็นรหัส SKU อย่างเดียว ไม่เดาหมวด
210142,210142,สินค้าและอุปกรณ์สำหรับเด็ก,สินค้าและอุปกรณ์สำหรับเด็ก,15,ชื่อเป็นรหัส SKU อย่างเดียว ไม่เดาหมวด
210143,210143,สินค้าและอุปกรณ์สำหรับเด็ก,สินค้าและอุปกรณ์สำหรับเด็ก,15,ชื่อเป็นรหัส SKU อย่างเดียว ไม่เดาหมวด
210145,210145,สินค้าและอุปกรณ์สำหรับเด็ก,สินค้าและอุปกรณ์สำหรับเด็ก,15,ชื่อเป็นรหัส SKU อย่างเดียว ไม่เดาหมวด
210146,210146,สินค้าและอุปกรณ์สำหรับเด็ก,สินค้าและอุปกรณ์สำหรับเด็ก,15,ชื่อเป็นรหัส SKU อย่างเดียว ไม่เดาหมวด
210147,210147,สินค้าและอุปกรณ์สำหรับเด็ก,สินค้าและอุปกรณ์สำหรับเด็ก,15,ชื่อเป็นรหัส SKU อย่างเดียว ไม่เดาหมวด
210148,210148,สินค้าและอุปกรณ์สำหรับเด็ก,สินค้าและอุปกรณ์สำหรับเด็ก,15,ชื่อเป็นรหัส SKU อย่างเดียว ไม่เดาหมวด
210149,210149,สินค้าและอุปกรณ์สำหรับเด็ก,สินค้าและอุปกรณ์สำหรับเด็ก,15,ชื่อเป็นรหัส SKU อย่างเดียว ไม่เดาหมวด
210150,210150,สินค้าและอุปกรณ์สำหรับเด็ก,สินค้าและอุปกรณ์สำหรับเด็ก,15,ชื่อเป็นรหัส SKU อย่างเดียว ไม่เดาหมวด
210152,210152,สินค้าและอุปกรณ์สำหรับเด็ก,สินค้าและอุปกรณ์สำหรับเด็ก,15,ชื่อเป็นรหัส SKU อย่างเดียว ไม่เดาหมวด
210153,210153,สินค้าและอุปกรณ์สำหรับเด็ก,สินค้าและอุปกรณ์สำหรับเด็ก,15,ชื่อเป็นรหัส SKU อย่างเดียว ไม่เดาหมวด
210154,210154,สินค้าและอุปกรณ์สำหรับเด็ก,สินค้าและอุปกรณ์สำหรับเด็ก,15,ชื่อเป็นรหัส SKU อย่างเดียว ไม่เดาหมวด
210155,210155,สินค้าและอุปกรณ์สำหรับเด็ก,สินค้าและอุปกรณ์สำหรับเด็ก,15,ชื่อเป็นรหัส SKU อย่างเดียว ไม่เดาหมวด
210156,210156,สินค้าและอุปกรณ์สำหรับเด็ก,สินค้าและอุปกรณ์สำหรับเด็ก,15,ชื่อเป็นรหัส SKU อย่างเดียว ไม่เดาหมวด
210157,210157,สินค้าและอุปกรณ์สำหรับเด็ก,สินค้าและอุปกรณ์สำหรับเด็ก,15,ชื่อเป็นรหัส SKU อย่างเดียว ไม่เดาหมวด
210158,210158,สินค้าและอุปกรณ์สำหรับเด็ก,สินค้าและอุปกรณ์สำหรับเด็ก,15,ชื่อเป็นรหัส SKU อย่างเดียว ไม่เดาหมวด
210159,210159,สินค้าและอุปกรณ์สำหรับเด็ก,สินค้าและอุปกรณ์สำหรับเด็ก,15,ชื่อเป็นรหัส SKU อย่างเดียว ไม่เดาหมวด
210160,210160,สินค้าและอุปกรณ์สำหรับเด็ก,สินค้าและอุปกรณ์สำหรับเด็ก,15,ชื่อเป็นรหัส SKU อย่างเดียว ไม่เดาหมวด
210161,210161,สินค้าและอุปกรณ์สำหรับเด็ก,สินค้าและอุปกรณ์สำหรับเด็ก,15,ชื่อเป็นรหัส SKU อย่างเดียว ไม่เดาหมวด
210162,210162,สินค้าและอุปกรณ์สำหรับเด็ก,สินค้าและอุปกรณ์สำหรับเด็ก,15,ชื่อเป็นรหัส SKU อย่างเดียว ไม่เดาหมวด
210163,210163,สินค้าและอุปกรณ์สำหรับเด็ก,สินค้าและอุปกรณ์สำหรับเด็ก,15,ชื่อเป็นรหัส SKU อย่างเดียว ไม่เดาหมวด
210164,210164,สินค้าและอุปกรณ์สำหรับเด็ก,สินค้าและอุปกรณ์สำหรับเด็ก,15,ชื่อเป็นรหัส SKU อย่างเดียว ไม่เดาหมวด
210165,210165,สินค้าและอุปกรณ์สำหรับเด็ก,สินค้าและอุปกรณ์สำหรับเด็ก,15,ชื่อเป็นรหัส SKU อย่างเดียว ไม่เดาหมวด
210166,210166,สินค้าและอุปกรณ์สำหรับเด็ก,สินค้าและอุปกรณ์สำหรับเด็ก,15,ชื่อเป็นรหัส SKU อย่างเดียว ไม่เดาหมวด
210167,210167,สินค้าและอุปกรณ์สำหรับเด็ก,สินค้าและอุปกรณ์สำหรับเด็ก,15,ชื่อเป็นรหัส SKU อย่างเดียว ไม่เดาหมวด
210168,210168,สินค้าและอุปกรณ์สำหรับเด็ก,สินค้าและอุปกรณ์สำหรับเด็ก,15,ชื่อเป็นรหัส SKU อย่างเดียว ไม่เดาหมวด
210169,210169,สินค้าและอุปกรณ์สำหรับเด็ก,สินค้าและอุปกรณ์สำหรับเด็ก,15,ชื่อเป็นรหัส SKU อย่างเดียว ไม่เดาหมวด
210170,210170,สินค้าและอุปกรณ์สำหรับเด็ก,สินค้าและอุปกรณ์สำหรับเด็ก,15,ชื่อเป็นรหัส SKU อย่างเดียว ไม่เดาหมวด
210171,210171,สินค้าและอุปกรณ์สำหรับเด็ก,สินค้าและอุปกรณ์สำหรับเด็ก,15,ชื่อเป็นรหัส SKU อย่างเดียว ไม่เดาหมวด
210172,210172,สินค้าและอุปกรณ์สำหรับเด็ก,สินค้าและอุปกรณ์สำหรับเด็ก,15,ชื่อเป็นรหัส SKU อย่างเดียว ไม่เดาหมวด
210173,210173,สินค้าและอุปกรณ์สำหรับเด็ก,สินค้าและอุปกรณ์สำหรับเด็ก,15,ชื่อเป็นรหัส SKU อย่างเดียว ไม่เดาหมวด
210174,210174,สินค้าและอุปกรณ์สำหรับเด็ก,สินค้าและอุปกรณ์สำหรับเด็ก,15,ชื่อเป็นรหัส SKU อย่างเดียว ไม่เดาหมวด
210175,210175,สินค้าและอุปกรณ์สำหรับเด็ก,สินค้าและอุปกรณ์สำหรับเด็ก,15,ชื่อเป็นรหัส SKU อย่างเดียว ไม่เดาหมวด
210176,210176,สินค้าและอุปกรณ์สำหรับเด็ก,สินค้าและอุปกรณ์สำหรับเด็ก,15,ชื่อเป็นรหัส SKU อย่างเดียว ไม่เดาหมวด
210177,210177,สินค้าและอุปกรณ์สำหรับเด็ก,สินค้าและอุปกรณ์สำหรับเด็ก,15,ชื่อเป็นรหัส SKU อย่างเดียว ไม่เดาหมวด
210178,210178,สินค้าและอุปกรณ์สำหรับเด็ก,สินค้าและอุปกรณ์สำหรับเด็ก,15,ชื่อเป็นรหัส SKU อย่างเดียว ไม่เดาหมวด
210179,210179,สินค้าและอุปกรณ์สำหรับเด็ก,สินค้าและอุปกรณ์สำหรับเด็ก,15,ชื่อเป็นรหัส SKU อย่างเดียว ไม่เดาหมวด
210180,210180,สินค้าและอุปกรณ์สำหรับเด็ก,สินค้าและอุปกรณ์สำหรับเด็ก,15,ชื่อเป็นรหัส SKU อย่างเดียว ไม่เดาหมวด
210182,210182,สินค้าและอุปกรณ์สำหรับเด็ก,สินค้าและอุปกรณ์สำหรับเด็ก,15,ชื่อเป็นรหัส SKU อย่างเดียว ไม่เดาหมวด
210184,210184,สินค้าและอุปกรณ์สำหรับเด็ก,สินค้าและอุปกรณ์สำหรับเด็ก,15,ชื่อเป็นรหัส SKU อย่างเดียว ไม่เดาหมวด
210185,210185,สินค้าและอุปกรณ์สำหรับเด็ก,สินค้าและอุปกรณ์สำหรับเด็ก,15,ชื่อเป็นรหัส SKU อย่างเดียว ไม่เดาหมวด
210186,210186,สินค้าและอุปกรณ์สำหรับเด็ก,สินค้าและอุปกรณ์สำหรับเด็ก,15,ชื่อเป็นรหัส SKU อย่างเดียว ไม่เดาหมวด
210187,210187,สินค้าและอุปกรณ์สำหรับเด็ก,สินค้าและอุปกรณ์สำหรับเด็ก,15,ชื่อเป็นรหัส SKU อย่างเดียว ไม่เดาหมวด
210188,210188,สินค้าและอุปกรณ์สำหรับเด็ก,สินค้าและอุปกรณ์สำหรับเด็ก,15,ชื่อเป็นรหัส SKU อย่างเดียว ไม่เดาหมวด
210189,210189,สินค้าและอุปกรณ์สำหรับเด็ก,สินค้าและอุปกรณ์สำหรับเด็ก,15,ชื่อเป็นรหัส SKU อย่างเดียว ไม่เดาหมวด
210190,210190,สินค้าและอุปกรณ์สำหรับเด็ก,สินค้าและอุปกรณ์สำหรับเด็ก,15,ชื่อเป็นรหัส SKU อย่างเดียว ไม่เดาหมวด
210191,210191,สินค้าและอุปกรณ์สำหรับเด็ก,สินค้าและอุปกรณ์สำหรับเด็ก,15,ชื่อเป็นรหัส SKU อย่างเดียว ไม่เดาหมวด
210192,210192,สินค้าและอุปกรณ์สำหรับเด็ก,สินค้าและอุปกรณ์สำหรับเด็ก,15,ชื่อเป็นรหัส SKU อย่างเดียว ไม่เดาหมวด
210193,210193,สินค้าและอุปกรณ์สำหรับเด็ก,สินค้าและอุปกรณ์สำหรับเด็ก,15,ชื่อเป็นรหัส SKU อย่างเดียว ไม่เดาหมวด
210194,210194,สินค้าและอุปกรณ์สำหรับเด็ก,สินค้าและอุปกรณ์สำหรับเด็ก,15,ชื่อเป็นรหัส SKU อย่างเดียว ไม่เดาหมวด
210195,210195,สินค้าและอุปกรณ์สำหรับเด็ก,สินค้าและอุปกรณ์สำหรับเด็ก,15,ชื่อเป็นรหัส SKU อย่างเดียว ไม่เดาหมวด
210197,210197,สินค้าและอุปกรณ์สำหรับเด็ก,สินค้าและอุปกรณ์สำหรับเด็ก,15,ชื่อเป็นรหัส SKU อย่างเดียว ไม่เดาหมวด
210198,210198,สินค้าและอุปกรณ์สำหรับเด็ก,สินค้าและอุปกรณ์สำหรับเด็ก,15,ชื่อเป็นรหัส SKU อย่างเดียว ไม่เดาหมวด
210201,210201,สินค้าและอุปกรณ์สำหรับเด็ก,สินค้าและอุปกรณ์สำหรับเด็ก,15,ชื่อเป็นรหัส SKU อย่างเดียว ไม่เดาหมวด
210202,210202,สินค้าและอุปกรณ์สำหรับเด็ก,สินค้าและอุปกรณ์สำหรับเด็ก,15,ชื่อเป็นรหัส SKU อย่างเดียว ไม่เดาหมวด
210203,210203,สินค้าและอุปกรณ์สำหรับเด็ก,สินค้าและอุปกรณ์สำหรับเด็ก,15,ชื่อเป็นรหัส SKU อย่างเดียว ไม่เดาหมวด
210204,210204,สินค้าและอุปกรณ์สำหรับเด็ก,สินค้าและอุปกรณ์สำหรับเด็ก,15,ชื่อเป็นรหัส SKU อย่างเดียว ไม่เดาหมวด
210205,210205,สินค้าและอุปกรณ์สำหรับเด็ก,สินค้าและอุปกรณ์สำหรับเด็ก,15,ชื่อเป็นรหัส SKU อย่างเดียว ไม่เดาหมวด
210206,210206,สินค้าและอุปกรณ์สำหรับเด็ก,สินค้าและอุปกรณ์สำหรับเด็ก,15,ชื่อเป็นรหัส SKU อย่างเดียว ไม่เดาหมวด
210207,210207,สินค้าและอุปกรณ์สำหรับเด็ก,สินค้าและอุปกรณ์สำหรับเด็ก,15,ชื่อเป็นรหัส SKU อย่างเดียว ไม่เดาหมวด
210209,210209,สินค้าและอุปกรณ์สำหรับเด็ก,สินค้าและอุปกรณ์สำหรับเด็ก,15,ชื่อเป็นรหัส SKU อย่างเดียว ไม่เดาหมวด
210210,210210,สินค้าและอุปกรณ์สำหรับเด็ก,สินค้าและอุปกรณ์สำหรับเด็ก,15,ชื่อเป็นรหัส SKU อย่างเดียว ไม่เดาหมวด
210211,210211,สินค้าและอุปกรณ์สำหรับเด็ก,สินค้าและอุปกรณ์สำหรับเด็ก,15,ชื่อเป็นรหัส SKU อย่างเดียว ไม่เดาหมวด
210212,210212,สินค้าและอุปกรณ์สำหรับเด็ก,สินค้าและอุปกรณ์สำหรับเด็ก,15,ชื่อเป็นรหัส SKU อย่างเดียว ไม่เดาหมวด
210213,210213,สินค้าและอุปกรณ์สำหรับเด็ก,สินค้าและอุปกรณ์สำหรับเด็ก,15,ชื่อเป็นรหัส SKU อย่างเดียว ไม่เดาหมวด
210214,210214,สินค้าและอุปกรณ์สำหรับเด็ก,สินค้าและอุปกรณ์สำหรับเด็ก,15,ชื่อเป็นรหัส SKU อย่างเดียว ไม่เดาหมวด
210215,210215,สินค้าและอุปกรณ์สำหรับเด็ก,สินค้าและอุปกรณ์สำหรับเด็ก,15,ชื่อเป็นรหัส SKU อย่างเดียว ไม่เดาหมวด
210216,210216,สินค้าและอุปกรณ์สำหรับเด็ก,สินค้าและอุปกรณ์สำหรับเด็ก,15,ชื่อเป็นรหัส SKU อย่างเดียว ไม่เดาหมวด
210217,210217,สินค้าและอุปกรณ์สำหรับเด็ก,สินค้าและอุปกรณ์สำหรับเด็ก,15,ชื่อเป็นรหัส SKU อย่างเดียว ไม่เดาหมวด
210218,210218,สินค้าและอุปกรณ์สำหรับเด็ก,สินค้าและอุปกรณ์สำหรับเด็ก,15,ชื่อเป็นรหัส SKU อย่างเดียว ไม่เดาหมวด
210219,210219,สินค้าและอุปกรณ์สำหรับเด็ก,สินค้าและอุปกรณ์สำหรับเด็ก,15,ชื่อเป็นรหัส SKU อย่างเดียว ไม่เดาหมวด
210221,210221,สินค้าและอุปกรณ์สำหรับเด็ก,สินค้าและอุปกรณ์สำหรับเด็ก,15,ชื่อเป็นรหัส SKU อย่างเดียว ไม่เดาหมวด
210222,210222,สินค้าและอุปกรณ์สำหรับเด็ก,สินค้าและอุปกรณ์สำหรับเด็ก,15,ชื่อเป็นรหัส SKU อย่างเดียว ไม่เดาหมวด
210223,210223,สินค้าและอุปกรณ์สำหรับเด็ก,สินค้าและอุปกรณ์สำหรับเด็ก,15,ชื่อเป็นรหัส SKU อย่างเดียว ไม่เดาหมวด
210225,210225,สินค้าและอุปกรณ์สำหรับเด็ก,สินค้าและอุปกรณ์สำหรับเด็ก,15,ชื่อเป็นรหัส SKU อย่างเดียว ไม่เดาหมวด
210226,210226,สินค้าและอุปกรณ์สำหรับเด็ก,สินค้าและอุปกรณ์สำหรับเด็ก,15,ชื่อเป็นรหัส SKU อย่างเดียว ไม่เดาหมวด
210227,210227,สินค้าและอุปกรณ์สำหรับเด็ก,สินค้าและอุปกรณ์สำหรับเด็ก,15,ชื่อเป็นรหัส SKU อย่างเดียว ไม่เดาหมวด
210228,210228,สินค้าและอุปกรณ์สำหรับเด็ก,สินค้าและอุปกรณ์สำหรับเด็ก,15,ชื่อเป็นรหัส SKU อย่างเดียว ไม่เดาหมวด
210229,210229,สินค้าและอุปกรณ์สำหรับเด็ก,สินค้าและอุปกรณ์สำหรับเด็ก,15,ชื่อเป็นรหัส SKU อย่างเดียว ไม่เดาหมวด
210230,210230,สินค้าและอุปกรณ์สำหรับเด็ก,สินค้าและอุปกรณ์สำหรับเด็ก,15,ชื่อเป็นรหัส SKU อย่างเดียว ไม่เดาหมวด
210231,210231,สินค้าและอุปกรณ์สำหรับเด็ก,สินค้าและอุปกรณ์สำหรับเด็ก,15,ชื่อเป็นรหัส SKU อย่างเดียว ไม่เดาหมวด
210232,210232,สินค้าและอุปกรณ์สำหรับเด็ก,สินค้าและอุปกรณ์สำหรับเด็ก,15,ชื่อเป็นรหัส SKU อย่างเดียว ไม่เดาหมวด
210233,210233,สินค้าและอุปกรณ์สำหรับเด็ก,สินค้าและอุปกรณ์สำหรับเด็ก,15,ชื่อเป็นรหัส SKU อย่างเดียว ไม่เดาหมวด
210234,210234,สินค้าและอุปกรณ์สำหรับเด็ก,สินค้าและอุปกรณ์สำหรับเด็ก,15,ชื่อเป็นรหัส SKU อย่างเดียว ไม่เดาหมวด
210237,210237,สินค้าและอุปกรณ์สำหรับเด็ก,สินค้าและอุปกรณ์สำหรับเด็ก,15,ชื่อเป็นรหัส SKU อย่างเดียว ไม่เดาหมวด
210238,210238,สินค้าและอุปกรณ์สำหรับเด็ก,สินค้าและอุปกรณ์สำหรับเด็ก,15,ชื่อเป็นรหัส SKU อย่างเดียว ไม่เดาหมวด
210239,210239,สินค้าและอุปกรณ์สำหรับเด็ก,สินค้าและอุปกรณ์สำหรับเด็ก,15,ชื่อเป็นรหัส SKU อย่างเดียว ไม่เดาหมวด
210241,210241,สินค้าและอุปกรณ์สำหรับเด็ก,สินค้าและอุปกรณ์สำหรับเด็ก,15,ชื่อเป็นรหัส SKU อย่างเดียว ไม่เดาหมวด
210242,210242,สินค้าและอุปกรณ์สำหรับเด็ก,สินค้าและอุปกรณ์สำหรับเด็ก,15,ชื่อเป็นรหัส SKU อย่างเดียว ไม่เดาหมวด
210243,210243,สินค้าและอุปกรณ์สำหรับเด็ก,สินค้าและอุปกรณ์สำหรับเด็ก,15,ชื่อเป็นรหัส SKU อย่างเดียว ไม่เดาหมวด
210244,210244,สินค้าและอุปกรณ์สำหรับเด็ก,สินค้าและอุปกรณ์สำหรับเด็ก,15,ชื่อเป็นรหัส SKU อย่างเดียว ไม่เดาหมวด
210245,210245,สินค้าและอุปกรณ์สำหรับเด็ก,สินค้าและอุปกรณ์สำหรับเด็ก,15,ชื่อเป็นรหัส SKU อย่างเดียว ไม่เดาหมวด
210246,210246,สินค้าและอุปกรณ์สำหรับเด็ก,สินค้าและอุปกรณ์สำหรับเด็ก,15,ชื่อเป็นรหัส SKU อย่างเดียว ไม่เดาหมวด
210247,210247,สินค้าและอุปกรณ์สำหรับเด็ก,สินค้าและอุปกรณ์สำหรับเด็ก,15,ชื่อเป็นรหัส SKU อย่างเดียว ไม่เดาหมวด
210248,210248,สินค้าและอุปกรณ์สำหรับเด็ก,สินค้าและอุปกรณ์สำหรับเด็ก,15,ชื่อเป็นรหัส SKU อย่างเดียว ไม่เดาหมวด
210249,210249,สินค้าและอุปกรณ์สำหรับเด็ก,สินค้าและอุปกรณ์สำหรับเด็ก,15,ชื่อเป็นรหัส SKU อย่างเดียว ไม่เดาหมวด
210250,210250,สินค้าและอุปกรณ์สำหรับเด็ก,สินค้าและอุปกรณ์สำหรับเด็ก,15,ชื่อเป็นรหัส SKU อย่างเดียว ไม่เดาหมวด
210251,210251,สินค้าและอุปกรณ์สำหรับเด็ก,สินค้าและอุปกรณ์สำหรับเด็ก,15,ชื่อเป็นรหัส SKU อย่างเดียว ไม่เดาหมวด
210252,210252,สินค้าและอุปกรณ์สำหรับเด็ก,สินค้าและอุปกรณ์สำหรับเด็ก,15,ชื่อเป็นรหัส SKU อย่างเดียว ไม่เดาหมวด
210253,210253,สินค้าและอุปกรณ์สำหรับเด็ก,สินค้าและอุปกรณ์สำหรับเด็ก,15,ชื่อเป็นรหัส SKU อย่างเดียว ไม่เดาหมวด
210254,210254,สินค้าและอุปกรณ์สำหรับเด็ก,สินค้าและอุปกรณ์สำหรับเด็ก,15,ชื่อเป็นรหัส SKU อย่างเดียว ไม่เดาหมวด
210255,210255,สินค้าและอุปกรณ์สำหรับเด็ก,สินค้าและอุปกรณ์สำหรับเด็ก,15,ชื่อเป็นรหัส SKU อย่างเดียว ไม่เดาหมวด
210256,210256,สินค้าและอุปกรณ์สำหรับเด็ก,สินค้าและอุปกรณ์สำหรับเด็ก,15,ชื่อเป็นรหัส SKU อย่างเดียว ไม่เดาหมวด
210257,210257,สินค้าและอุปกรณ์สำหรับเด็ก,สินค้าและอุปกรณ์สำหรับเด็ก,15,ชื่อเป็นรหัส SKU อย่างเดียว ไม่เดาหมวด
210258,210258,สินค้าและอุปกรณ์สำหรับเด็ก,สินค้าและอุปกรณ์สำหรับเด็ก,15,ชื่อเป็นรหัส SKU อย่างเดียว ไม่เดาหมวด
210259,210259,สินค้าและอุปกรณ์สำหรับเด็ก,สินค้าและอุปกรณ์สำหรับเด็ก,15,ชื่อเป็นรหัส SKU อย่างเดียว ไม่เดาหมวด
210260,210260,สินค้าและอุปกรณ์สำหรับเด็ก,สินค้าและอุปกรณ์สำหรับเด็ก,15,ชื่อเป็นรหัส SKU อย่างเดียว ไม่เดาหมวด
210261,210261,สินค้าและอุปกรณ์สำหรับเด็ก,สินค้าและอุปกรณ์สำหรับเด็ก,15,ชื่อเป็นรหัส SKU อย่างเดียว ไม่เดาหมวด
210262,210262,สินค้าและอุปกรณ์สำหรับเด็ก,สินค้าและอุปกรณ์สำหรับเด็ก,15,ชื่อเป็นรหัส SKU อย่างเดียว ไม่เดาหมวด
210263,210263,สินค้าและอุปกรณ์สำหรับเด็ก,สินค้าและอุปกรณ์สำหรับเด็ก,15,ชื่อเป็นรหัส SKU อย่างเดียว ไม่เดาหมวด
210264,210264,สินค้าและอุปกรณ์สำหรับเด็ก,สินค้าและอุปกรณ์สำหรับเด็ก,15,ชื่อเป็นรหัส SKU อย่างเดียว ไม่เดาหมวด
210265,210265,สินค้าและอุปกรณ์สำหรับเด็ก,สินค้าและอุปกรณ์สำหรับเด็ก,15,ชื่อเป็นรหัส SKU อย่างเดียว ไม่เดาหมวด
210266,210266,สินค้าและอุปกรณ์สำหรับเด็ก,สินค้าและอุปกรณ์สำหรับเด็ก,15,ชื่อเป็นรหัส SKU อย่างเดียว ไม่เดาหมวด
210267,210267,สินค้าและอุปกรณ์สำหรับเด็ก,สินค้าและอุปกรณ์สำหรับเด็ก,15,ชื่อเป็นรหัส SKU อย่างเดียว ไม่เดาหมวด
210268,210268,สินค้าและอุปกรณ์สำหรับเด็ก,สินค้าและอุปกรณ์สำหรับเด็ก,15,ชื่อเป็นรหัส SKU อย่างเดียว ไม่เดาหมวด
210269,210269,สินค้าและอุปกรณ์สำหรับเด็ก,สินค้าและอุปกรณ์สำหรับเด็ก,15,ชื่อเป็นรหัส SKU อย่างเดียว ไม่เดาหมวด
210270,210270,สินค้าและอุปกรณ์สำหรับเด็ก,สินค้าและอุปกรณ์สำหรับเด็ก,15,ชื่อเป็นรหัส SKU อย่างเดียว ไม่เดาหมวด
210272,210272,สินค้าและอุปกรณ์สำหรับเด็ก,สินค้าและอุปกรณ์สำหรับเด็ก,15,ชื่อเป็นรหัส SKU อย่างเดียว ไม่เดาหมวด
210275,210275,สินค้าและอุปกรณ์สำหรับเด็ก,สินค้าและอุปกรณ์สำหรับเด็ก,15,ชื่อเป็นรหัส SKU อย่างเดียว ไม่เดาหมวด
210278,210278,เสื้อผ้าและเครื่องประดับ,เสื้อผ้าและเครื่องประดับ,15,ชื่อเป็นรหัส SKU อย่างเดียว ไม่เดาหมวด
210280,210280,สินค้าและอุปกรณ์สำหรับเด็ก,สินค้าและอุปกรณ์สำหรับเด็ก,15,ชื่อเป็นรหัส SKU อย่างเดียว ไม่เดาหมวด
210283,210283,สินค้าและอุปกรณ์สำหรับเด็ก,สินค้าและอุปกรณ์สำหรับเด็ก,15,ชื่อเป็นรหัส SKU อย่างเดียว ไม่เดาหมวด
210284,210284,สินค้าและอุปกรณ์สำหรับเด็ก,สินค้าและอุปกรณ์สำหรับเด็ก,15,ชื่อเป็นรหัส SKU อย่างเดียว ไม่เดาหมวด
210286,210286,สินค้าและอุปกรณ์สำหรับเด็ก,สินค้าและอุปกรณ์สำหรับเด็ก,15,ชื่อเป็นรหัส SKU อย่างเดียว ไม่เดาหมวด
210287,210287,สินค้าและอุปกรณ์สำหรับเด็ก,สินค้าและอุปกรณ์สำหรับเด็ก,15,ชื่อเป็นรหัส SKU อย่างเดียว ไม่เดาหมวด
210288,210288,สินค้าและอุปกรณ์สำหรับเด็ก,สินค้าและอุปกรณ์สำหรับเด็ก,15,ชื่อเป็นรหัส SKU อย่างเดียว ไม่เดาหมวด
210289,210289,สินค้าและอุปกรณ์สำหรับเด็ก,สินค้าและอุปกรณ์สำหรับเด็ก,15,ชื่อเป็นรหัส SKU อย่างเดียว ไม่เดาหมวด
210290,210290,สินค้าและอุปกรณ์สำหรับเด็ก,สินค้าและอุปกรณ์สำหรับเด็ก,15,ชื่อเป็นรหัส SKU อย่างเดียว ไม่เดาหมวด
26300003,เสื้อ - real boss,สินค้าและอุปกรณ์สำหรับเด็ก,เสื้อผ้าและเครื่องประดับ > เสื้อเด็ก,75,ชื่อระบุว่าเป็นเสื้อ (ไม่มีชนิดอื่น)
26300004,เสื้อ - real boss,สินค้าและอุปกรณ์สำหรับเด็ก,เสื้อผ้าและเครื่องประดับ > เสื้อเด็ก,75,ชื่อระบุว่าเป็นเสื้อ (ไม่มีชนิดอื่น)
26300012,ชุดลายซานต้า,สินค้าและอุปกรณ์สำหรับเด็ก,เสื้อผ้าและเครื่องประดับ > ชุดแฟนซี,80,ชุดลายซานต้า คือชุดแฟนซี
26300034,ชุด - NICKELODEON,สินค้าและอุปกรณ์สำหรับเด็ก,สินค้าและอุปกรณ์สำหรับเด็ก,45,ชื่อมีแค่คำว่าชุดกับแบรนด์ ไม่ระบุชนิด — คงหมวดปัจจุบัน
26300035,ชุด - NICKELODEON,สินค้าและอุปกรณ์สำหรับเด็ก,สินค้าและอุปกรณ์สำหรับเด็ก,45,ชื่อมีแค่คำว่าชุดกับแบรนด์ ไม่ระบุชนิด — คงหมวดปัจจุบัน
26300036,เสื้อ - ZARA,สินค้าและอุปกรณ์สำหรับเด็ก,เสื้อผ้าและเครื่องประดับ > เสื้อเด็ก,75,ชื่อระบุว่าเป็นเสื้อ (ไม่มีชนิดอื่น)
26300058,ถุงมือ - ZARA,สินค้าและอุปกรณ์สำหรับเด็ก,เสื้อผ้าและเครื่องประดับ > เครื่องประดับ,88,ถุงมือ
26300059,ถุงมือ - GAP,สินค้าและอุปกรณ์สำหรับเด็ก,เสื้อผ้าและเครื่องประดับ > เครื่องประดับ,88,ถุงมือ
26300122,ชุด - UNIQLO,สินค้าและอุปกรณ์สำหรับเด็ก,สินค้าและอุปกรณ์สำหรับเด็ก,45,ชื่อมีแค่คำว่าชุดกับแบรนด์ ไม่ระบุชนิด — คงหมวดปัจจุบัน
26300128,เสื้อ - ไม่มี,สินค้าและอุปกรณ์สำหรับเด็ก,เสื้อผ้าและเครื่องประดับ > เสื้อเด็ก,75,ชื่อระบุว่าเป็นเสื้อ (ไม่มีชนิดอื่น)
26300131,ชุด - adidas,สินค้าและอุปกรณ์สำหรับเด็ก,สินค้าและอุปกรณ์สำหรับเด็ก,45,ชื่อมีแค่คำว่าชุดกับแบรนด์ ไม่ระบุชนิด — คงหมวดปัจจุบัน
26300132,ชุด - adidas,สินค้าและอุปกรณ์สำหรับเด็ก,สินค้าและอุปกรณ์สำหรับเด็ก,45,ชื่อมีแค่คำว่าชุดกับแบรนด์ ไม่ระบุชนิด — คงหมวดปัจจุบัน
26300134,ชุด - UNIQLO,สินค้าและอุปกรณ์สำหรับเด็ก,สินค้าและอุปกรณ์สำหรับเด็ก,45,ชื่อมีแค่คำว่าชุดกับแบรนด์ ไม่ระบุชนิด — คงหมวดปัจจุบัน
26300135,ชุด - UNIQLO,สินค้าและอุปกรณ์สำหรับเด็ก,สินค้าและอุปกรณ์สำหรับเด็ก,45,ชื่อมีแค่คำว่าชุดกับแบรนด์ ไม่ระบุชนิด — คงหมวดปัจจุบัน
26300136,ชุด - UNIQLO,สินค้าและอุปกรณ์สำหรับเด็ก,สินค้าและอุปกรณ์สำหรับเด็ก,45,ชื่อมีแค่คำว่าชุดกับแบรนด์ ไม่ระบุชนิด — คงหมวดปัจจุบัน
26300138,ชุด - adidas,สินค้าและอุปกรณ์สำหรับเด็ก,สินค้าและอุปกรณ์สำหรับเด็ก,45,ชื่อมีแค่คำว่าชุดกับแบรนด์ ไม่ระบุชนิด — คงหมวดปัจจุบัน
26300140,ชุด - adidas,สินค้าและอุปกรณ์สำหรับเด็ก,สินค้าและอุปกรณ์สำหรับเด็ก,45,ชื่อมีแค่คำว่าชุดกับแบรนด์ ไม่ระบุชนิด — คงหมวดปัจจุบัน
26300144,ชุด - adidas,สินค้าและอุปกรณ์สำหรับเด็ก,สินค้าและอุปกรณ์สำหรับเด็ก,45,ชื่อมีแค่คำว่าชุดกับแบรนด์ ไม่ระบุชนิด — คงหมวดปัจจุบัน
26300224,ชุด - adidas,สินค้าและอุปกรณ์สำหรับเด็ก,สินค้าและอุปกรณ์สำหรับเด็ก,45,ชื่อมีแค่คำว่าชุดกับแบรนด์ ไม่ระบุชนิด — คงหมวดปัจจุบัน
26300227,ชุด - adidas,สินค้าและอุปกรณ์สำหรับเด็ก,สินค้าและอุปกรณ์สำหรับเด็ก,45,ชื่อมีแค่คำว่าชุดกับแบรนด์ ไม่ระบุชนิด — คงหมวดปัจจุบัน
26300229,ชุด - adidas,สินค้าและอุปกรณ์สำหรับเด็ก,สินค้าและอุปกรณ์สำหรับเด็ก,45,ชื่อมีแค่คำว่าชุดกับแบรนด์ ไม่ระบุชนิด — คงหมวดปัจจุบัน
26300281,เสื้อ - Tiny Tale,สินค้าและอุปกรณ์สำหรับเด็ก,เสื้อผ้าและเครื่องประดับ > เสื้อเด็ก,75,ชื่อระบุว่าเป็นเสื้อ (ไม่มีชนิดอื่น)
26300282,เสื้อ - Tiny Tale,สินค้าและอุปกรณ์สำหรับเด็ก,เสื้อผ้าและเครื่องประดับ > เสื้อเด็ก,75,ชื่อระบุว่าเป็นเสื้อ (ไม่มีชนิดอื่น)
26300283,เสื้อ - Tiny Tale,สินค้าและอุปกรณ์สำหรับเด็ก,เสื้อผ้าและเครื่องประดับ > เสื้อเด็ก,75,ชื่อระบุว่าเป็นเสื้อ (ไม่มีชนิดอื่น)
26300284,เสื้อ - Tiny Tale,สินค้าและอุปกรณ์สำหรับเด็ก,เสื้อผ้าและเครื่องประดับ > เสื้อเด็ก,75,ชื่อระบุว่าเป็นเสื้อ (ไม่มีชนิดอื่น)
26300285,เสื้อ - Tiny Tale,สินค้าและอุปกรณ์สำหรับเด็ก,เสื้อผ้าและเครื่องประดับ > เสื้อเด็ก,75,ชื่อระบุว่าเป็นเสื้อ (ไม่มีชนิดอื่น)
26300286,เสื้อ - Tiny Tale,สินค้าและอุปกรณ์สำหรับเด็ก,เสื้อผ้าและเครื่องประดับ > เสื้อเด็ก,75,ชื่อระบุว่าเป็นเสื้อ (ไม่มีชนิดอื่น)
26300287,เสื้อ - Tiny Tale,สินค้าและอุปกรณ์สำหรับเด็ก,เสื้อผ้าและเครื่องประดับ > เสื้อเด็ก,75,ชื่อระบุว่าเป็นเสื้อ (ไม่มีชนิดอื่น)
26300288,เสื้อ - Tiny Tale,สินค้าและอุปกรณ์สำหรับเด็ก,เสื้อผ้าและเครื่องประดับ > เสื้อเด็ก,75,ชื่อระบุว่าเป็นเสื้อ (ไม่มีชนิดอื่น)
26300291,เสื้อ - Tiny Tale,สินค้าและอุปกรณ์สำหรับเด็ก,เสื้อผ้าและเครื่องประดับ > เสื้อเด็ก,75,ชื่อระบุว่าเป็นเสื้อ (ไม่มีชนิดอื่น)
26300292,เสื้อ - Tiny Tale,สินค้าและอุปกรณ์สำหรับเด็ก,เสื้อผ้าและเครื่องประดับ > เสื้อเด็ก,75,ชื่อระบุว่าเป็นเสื้อ (ไม่มีชนิดอื่น)
26300293,เสื้อ - Tiny Tale,สินค้าและอุปกรณ์สำหรับเด็ก,เสื้อผ้าและเครื่องประดับ > เสื้อเด็ก,75,ชื่อระบุว่าเป็นเสื้อ (ไม่มีชนิดอื่น)
26300294,เสื้อ - Tiny Tale,สินค้าและอุปกรณ์สำหรับเด็ก,เสื้อผ้าและเครื่องประดับ > เสื้อเด็ก,75,ชื่อระบุว่าเป็นเสื้อ (ไม่มีชนิดอื่น)
26300295,เสื้อ - Tiny Tale,สินค้าและอุปกรณ์สำหรับเด็ก,เสื้อผ้าและเครื่องประดับ > เสื้อเด็ก,75,ชื่อระบุว่าเป็นเสื้อ (ไม่มีชนิดอื่น)
26300296,เสื้อ - Tiny Tale,สินค้าและอุปกรณ์สำหรับเด็ก,เสื้อผ้าและเครื่องประดับ > เสื้อเด็ก,75,ชื่อระบุว่าเป็นเสื้อ (ไม่มีชนิดอื่น)
26300300,เสื้อ - Papillon,สินค้าและอุปกรณ์สำหรับเด็ก,เสื้อผ้าและเครื่องประดับ > เสื้อเด็ก,75,ชื่อระบุว่าเป็นเสื้อ (ไม่มีชนิดอื่น)
26300301,เสื้อ - Papillon,สินค้าและอุปกรณ์สำหรับเด็ก,เสื้อผ้าและเครื่องประดับ > เสื้อเด็ก,75,ชื่อระบุว่าเป็นเสื้อ (ไม่มีชนิดอื่น)
26300302,เสื้อ - Papillon,สินค้าและอุปกรณ์สำหรับเด็ก,เสื้อผ้าและเครื่องประดับ > เสื้อเด็ก,75,ชื่อระบุว่าเป็นเสื้อ (ไม่มีชนิดอื่น)
26300303,เสื้อ - Papillon,สินค้าและอุปกรณ์สำหรับเด็ก,เสื้อผ้าและเครื่องประดับ > เสื้อเด็ก,75,ชื่อระบุว่าเป็นเสื้อ (ไม่มีชนิดอื่น)
26300305,เสื้อ - ไม่มี,สินค้าและอุปกรณ์สำหรับเด็ก,เสื้อผ้าและเครื่องประดับ > เสื้อเด็ก,75,ชื่อระบุว่าเป็นเสื้อ (ไม่มีชนิดอื่น)
26300306,เสื้อ - ไม่มี,สินค้าและอุปกรณ์สำหรับเด็ก,เสื้อผ้าและเครื่องประดับ > เสื้อเด็ก,75,ชื่อระบุว่าเป็นเสื้อ (ไม่มีชนิดอื่น)
26300307,เสื้อ - ไม่มี,สินค้าและอุปกรณ์สำหรับเด็ก,เสื้อผ้าและเครื่องประดับ > เสื้อเด็ก,75,ชื่อระบุว่าเป็นเสื้อ (ไม่มีชนิดอื่น)
26300308,เสื้อ - ไม่มี,สินค้าและอุปกรณ์สำหรับเด็ก,เสื้อผ้าและเครื่องประดับ > เสื้อเด็ก,75,ชื่อระบุว่าเป็นเสื้อ (ไม่มีชนิดอื่น)
26300309,เสื้อ - ไม่มี,สินค้าและอุปกรณ์สำหรับเด็ก,เสื้อผ้าและเครื่องประดับ > เสื้อเด็ก,75,ชื่อระบุว่าเป็นเสื้อ (ไม่มีชนิดอื่น)
26300310,ชุด - BABY LOVETT,สินค้าและอุปกรณ์สำหรับเด็ก,สินค้าและอุปกรณ์สำหรับเด็ก,45,ชื่อมีแค่คำว่าชุดกับแบรนด์ ไม่ระบุชนิด — คงหมวดปัจจุบัน
26300311,ชุด - BABY LOVETT,สินค้าและอุปกรณ์สำหรับเด็ก,สินค้าและอุปกรณ์สำหรับเด็ก,45,ชื่อมีแค่คำว่าชุดกับแบรนด์ ไม่ระบุชนิด — คงหมวดปัจจุบัน
26300312,ชุด - ไม่มี,สินค้าและอุปกรณ์สำหรับเด็ก,สินค้าและอุปกรณ์สำหรับเด็ก,45,ชื่อมีแค่คำว่าชุดกับแบรนด์ ไม่ระบุชนิด — คงหมวดปัจจุบัน
26300313,ชุด - ไม่มี,สินค้าและอุปกรณ์สำหรับเด็ก,สินค้าและอุปกรณ์สำหรับเด็ก,45,ชื่อมีแค่คำว่าชุดกับแบรนด์ ไม่ระบุชนิด — คงหมวดปัจจุบัน
26300324,เสื้อ - BABY MORNING,สินค้าและอุปกรณ์สำหรับเด็ก,เสื้อผ้าและเครื่องประดับ > เสื้อเด็ก,75,ชื่อระบุว่าเป็นเสื้อ (ไม่มีชนิดอื่น)
26300325,เสื้อ - BabenistA,สินค้าและอุปกรณ์สำหรับเด็ก,เสื้อผ้าและเครื่องประดับ > เสื้อเด็ก,75,ชื่อระบุว่าเป็นเสื้อ (ไม่มีชนิดอื่น)
26300326,เสื้อ - BabenistA,สินค้าและอุปกรณ์สำหรับเด็ก,เสื้อผ้าและเครื่องประดับ > เสื้อเด็ก,75,ชื่อระบุว่าเป็นเสื้อ (ไม่มีชนิดอื่น)
26300327,เสื้อ - Tiny Whale,สินค้าและอุปกรณ์สำหรับเด็ก,เสื้อผ้าและเครื่องประดับ > เสื้อเด็ก,75,ชื่อระบุว่าเป็นเสื้อ (ไม่มีชนิดอื่น)
26300328,เสื้อ - Tiny Whale,สินค้าและอุปกรณ์สำหรับเด็ก,เสื้อผ้าและเครื่องประดับ > เสื้อเด็ก,75,ชื่อระบุว่าเป็นเสื้อ (ไม่มีชนิดอื่น)
26300329,เสื้อ - Tiny Whale,สินค้าและอุปกรณ์สำหรับเด็ก,เสื้อผ้าและเครื่องประดับ > เสื้อเด็ก,75,ชื่อระบุว่าเป็นเสื้อ (ไม่มีชนิดอื่น)
26300330,เสื้อ - Tiny Whale,สินค้าและอุปกรณ์สำหรับเด็ก,เสื้อผ้าและเครื่องประดับ > เสื้อเด็ก,75,ชื่อระบุว่าเป็นเสื้อ (ไม่มีชนิดอื่น)
26300415,เสื้อ - PHAHURAT.COM,สินค้าและอุปกรณ์สำหรับเด็ก,เสื้อผ้าและเครื่องประดับ > เสื้อเด็ก,75,ชื่อระบุว่าเป็นเสื้อ (ไม่มีชนิดอื่น)
26300419,ชุด - ไม่มี,สินค้าและอุปกรณ์สำหรับเด็ก,สินค้าและอุปกรณ์สำหรับเด็ก,45,ชื่อมีแค่คำว่าชุดกับแบรนด์ ไม่ระบุชนิด — คงหมวดปัจจุบัน
26300450,รองเท้าผ้าใบ adidas Toy Story - adidas,สินค้าและอุปกรณ์สำหรับเด็ก,เสื้อผ้าและเครื่องประดับ > รองเท้า,92,ชื่อคือรองเท้าผ้าใบ adidas ไม่ใช่ของเล่น Toy Story
300003,Set Pants 3pieces เซตกางเกงขายาว 3ชิ้น,สินค้าและอุปกรณ์สำหรับเด็ก,เสื้อผ้าและเครื่องประดับ > ชุดเซ็ต,86,ชื่อเป็นเซ็ตหลายชิ้น (เสื้อ+กางเกง/บอดี้สูทหลายชิ้น)
300005,Striped Pants 2pieces กางเกงขายาว,สินค้าและอุปกรณ์สำหรับเด็ก,เสื้อผ้าและเครื่องประดับ > ชุดเซ็ต,86,ชื่อเป็นเซ็ตหลายชิ้น (เสื้อ+กางเกง/บอดี้สูทหลายชิ้น)
300009,Striped Matching Body suits & Bottoms เซตบอดี้สูทและกางเกงลายขวาง,สินค้าและอุปกรณ์สำหรับเด็ก,เสื้อผ้าและเครื่องประดับ > ชุดเซ็ต,86,ชื่อเป็นเซ็ตหลายชิ้น (เสื้อ+กางเกง/บอดี้สูทหลายชิ้น)
300010,Car Matching Tops & Bottoms เซตเสื้อและกางเกงลายรถ,สินค้าและอุปกรณ์สำหรับเด็ก,เสื้อผ้าและเครื่องประดับ > ชุดเซ็ต,86,ชื่อเป็นเซ็ตหลายชิ้น (เสื้อ+กางเกง/บอดี้สูทหลายชิ้น)
300040,Aircraft Body suit 3pieces ชุดบอดี้สูทลายเครื่องบิน 3 ชิ้น,สินค้าและอุปกรณ์สำหรับเด็ก,เสื้อผ้าและเครื่องประดับ > ชุดเซ็ต,86,ชื่อเป็นเซ็ตหลายชิ้น (เสื้อ+กางเกง/บอดี้สูทหลายชิ้น)
300058,Car Body suit 3pieces ชุดบอดี้สูทลายรถ3 ชิ้น,สินค้าและอุปกรณ์สำหรับเด็ก,เสื้อผ้าและเครื่องประดับ > ชุดเซ็ต,86,ชื่อเป็นเซ็ตหลายชิ้น (เสื้อ+กางเกง/บอดี้สูทหลายชิ้น)
310002,310002,สินค้าและอุปกรณ์สำหรับเด็ก,สินค้าและอุปกรณ์สำหรับเด็ก,15,ชื่อเป็นรหัส SKU อย่างเดียว ไม่เดาหมวด
310003,310003,สินค้าและอุปกรณ์สำหรับเด็ก,สินค้าและอุปกรณ์สำหรับเด็ก,15,ชื่อเป็นรหัส SKU อย่างเดียว ไม่เดาหมวด
310005,310005,สินค้าและอุปกรณ์สำหรับเด็ก,สินค้าและอุปกรณ์สำหรับเด็ก,15,ชื่อเป็นรหัส SKU อย่างเดียว ไม่เดาหมวด
310006,310006,สินค้าและอุปกรณ์สำหรับเด็ก,สินค้าและอุปกรณ์สำหรับเด็ก,15,ชื่อเป็นรหัส SKU อย่างเดียว ไม่เดาหมวด
310007,310007,สินค้าและอุปกรณ์สำหรับเด็ก,สินค้าและอุปกรณ์สำหรับเด็ก,15,ชื่อเป็นรหัส SKU อย่างเดียว ไม่เดาหมวด
310008,310008,สินค้าและอุปกรณ์สำหรับเด็ก,สินค้าและอุปกรณ์สำหรับเด็ก,15,ชื่อเป็นรหัส SKU อย่างเดียว ไม่เดาหมวด
310010,Kids Academy ชุดเซ็ตเสื้อเชิ้ตแขนสั้นลายตารางและกางเกงขาสั้นสีกรม,สินค้าและอุปกรณ์สำหรับเด็ก,เสื้อผ้าและเครื่องประดับ > ชุดเซ็ต,86,ชื่อเป็นเซ็ตหลายชิ้น (เสื้อ+กางเกง/บอดี้สูทหลายชิ้น)
400002,Dinosaurs Set Shirt and Pants เซตเสื้อและกางเกง ลายไดโนเสาร์,สินค้าและอุปกรณ์สำหรับเด็ก,เสื้อผ้าและเครื่องประดับ > ชุดเซ็ต,86,ชื่อเป็นเซ็ตหลายชิ้น (เสื้อ+กางเกง/บอดี้สูทหลายชิ้น)
400005,Evolving Neoprene Swim Vest เสื้อชูชีพสําหรับว่ายน้ำเด็ก,สินค้าและอุปกรณ์สำหรับเด็ก,เครื่องมือการเลี้ยงดูเด็ก > อุปกรณ์ความปลอดภัย,88,เสื้อชูชีพ ไม่ใช่ชุดว่ายน้ำหรือแรชการ์ด
400007,Evolving Neoprene Swim Vest เสื้อชูชีพเด็ก,สินค้าและอุปกรณ์สำหรับเด็ก,เครื่องมือการเลี้ยงดูเด็ก > อุปกรณ์ความปลอดภัย,88,เสื้อชูชีพ ไม่ใช่ชุดว่ายน้ำหรือแรชการ์ด
400010,Crayola สีเทียนเคยอล่าไร้สารพิษเซตใหญ่ 152 สี,สินค้าและอุปกรณ์สำหรับเด็ก,ของเล่นและเครื่องนอนการตกแต่ง > ของเล่น,85,สีเทียน ไม่ใช่ชุดเสื้อผ้า
500002,Almofada de banho baleia เบาะอาบน้ำปลาวาฬ,สินค้าและอุปกรณ์สำหรับเด็ก,สินค้าและอุปกรณ์สำหรับเด็ก,40,เบาะอาบน้ำ ไม่ใช่เครื่องนอนหรือเฟอร์นิเจอร์ชัดเจน — คงหมวดปัจจุบัน
500003,Babymoov หมอนป้องกันศรีษะสำหรับเด็ก,สินค้าและอุปกรณ์สำหรับเด็ก,ของเล่นและเครื่องนอนการตกแต่ง > เครื่องนอนและผ้าปู,85,หมอนป้องกันศีรษะ
610030,610030,เสื้อผ้าและเครื่องประดับ,เสื้อผ้าและเครื่องประดับ,15,ชื่อเป็นรหัส SKU อย่างเดียว ไม่เดาหมวด
700001,Super light Taekwondo Uniform Kids and adult ชุดเทควันโด,สินค้าและอุปกรณ์สำหรับเด็ก,เสื้อผ้าและเครื่องประดับ > ชุดเซ็ต,72,ชุดยูนิฟอร์มเทควันโด ใกล้ชุดเซ็ตที่สุดในต้นไม้ที่มี
700002,Taekwondo Uniform Kids ชุดเทควันโด,สินค้าและอุปกรณ์สำหรับเด็ก,เสื้อผ้าและเครื่องประดับ > ชุดเซ็ต,72,ชุดยูนิฟอร์มเทควันโด ใกล้ชุดเซ็ตที่สุดในต้นไม้ที่มี
700005,Folable tatami เก้าอี้เอนกายพับเก็บได้,สินค้าและอุปกรณ์สำหรับเด็ก,ของเล่นและเครื่องนอนการตกแต่ง > เฟอร์นิเจอร์ห้องเด็ก,85,เก้าอี้พับ คือเฟอร์นิเจอร์
700006,Toys for children ของเล่นสำหรับเด็ก,สินค้าและอุปกรณ์สำหรับเด็ก,ของเล่นและเครื่องนอนการตกแต่ง > ของเล่น,90,ชื่อระบุของเล่นสำหรับเด็ก
700009,lantern garland โคมไฟสำหรับตกแต่ง,สินค้าและอุปกรณ์สำหรับเด็ก,สินค้าและอุปกรณ์สำหรับเด็ก,40,โคมไฟตกแต่ง ไม่มีหมวดที่ตรง — คงหมวดปัจจุบัน
700010,Plates flowers จานลายดอกไม้สำหรับเด็ก,สินค้าและอุปกรณ์สำหรับเด็ก,เครื่องมือการเลี้ยงดูเด็ก > อุปกรณ์ให้นมและอาหาร,72,จานสำหรับเด็ก จัดเป็นอุปกรณ์อาหาร
710003,710003,สินค้าและอุปกรณ์สำหรับเด็ก,สินค้าและอุปกรณ์สำหรับเด็ก,15,ชื่อเป็นรหัส SKU อย่างเดียว ไม่เดาหมวด
710006,710006,สินค้าและอุปกรณ์สำหรับเด็ก,สินค้าและอุปกรณ์สำหรับเด็ก,15,ชื่อเป็นรหัส SKU อย่างเดียว ไม่เดาหมวด
710007,710007,สินค้าและอุปกรณ์สำหรับเด็ก,สินค้าและอุปกรณ์สำหรับเด็ก,15,ชื่อเป็นรหัส SKU อย่างเดียว ไม่เดาหมวด
800004,Hamleys Movers and Shakers Poodle-Pink ตุ๊กตาหุ่นยนต์สุนัขสีชมพู,สินค้าและอุปกรณ์สำหรับเด็ก,ของเล่นและเครื่องนอนการตกแต่ง > ของเล่น,88,ตุ๊กตาหุ่นยนต์
800005,Cozy Caterpillar Neck Support หมอนรองคอหนอนผีเสื้อ,สินค้าและอุปกรณ์สำหรับเด็ก,ของเล่นและเครื่องนอนการตกแต่ง > เครื่องนอนและผ้าปู,85,หมอนรองคอ
800017,wed-3084 transport matching game ของเล่นเพื่อฝึกออกกำลังนิ้ว,สินค้าและอุปกรณ์สำหรับเด็ก,ของเล่นและเครื่องนอนการตกแต่ง > ของเล่น,85,เกมของเล่นฝึกนิ้ว
800023,Beaming Buggie Take-Along Toy ผึ้งของเล่นสำหรับเด็ก,สินค้าและอุปกรณ์สำหรับเด็ก,ของเล่นและเครื่องนอนการตกแต่ง > ของเล่น,90,ชื่อมีคำว่า toy
800027,Electronic music snail piano ออแกนหอยหอยทาก,สินค้าและอุปกรณ์สำหรับเด็ก,ของเล่นและเครื่องนอนการตกแต่ง > ของเล่น,75,เปียโนของเล่น ไม่ใช่สื่อดนตรีซีดี
800033,ZOGGS Jacket For Swim Zoggyjacket ชุดชูชีพสำหรับเด็กหญิง,สินค้าและอุปกรณ์สำหรับเด็ก,เครื่องมือการเลี้ยงดูเด็ก > อุปกรณ์ความปลอดภัย,88,ชุดชูชีพสำหรับว่ายน้ำ ไม่ใช่ชุดว่ายน้ำทั้งตัว
800049,Skill toys ของเล่นเสริมทักษะ,สินค้าและอุปกรณ์สำหรับเด็ก,ของเล่นและเครื่องนอนการตกแต่ง > ของเล่น,90,skill toys
800051,Bag กระเป๋าถือและสะพายรูปแกะ,สินค้าและอุปกรณ์สำหรับเด็ก,เสื้อผ้าและเครื่องประดับ > กระเป๋า,90,ชื่อระบุว่าเป็นกระเป๋าถือและสะพาย
800052,Wiggle & Crawl Ball ลูกบอลของเล่น,สินค้าและอุปกรณ์สำหรับเด็ก,ของเล่นและเครื่องนอนการตกแต่ง > ของเล่น,90,ลูกบอลของเล่น
800053,HAB SPIN GIGGLE PUP ของเล่นรถจานหมุน,สินค้าและอุปกรณ์สำหรับเด็ก,ของเล่นและเครื่องนอนการตกแต่ง > ของเล่น,85,ของเล่นรถจานหมุน
800055,Sleepy Bear Sweet Dreams โปรเจคเตอร์,สินค้าและอุปกรณ์สำหรับเด็ก,สินค้าและอุปกรณ์สำหรับเด็ก,40,โปรเจคเตอร์ ไม่ชัดว่าของเล่นหรือเครื่องนอน — คงหมวดปัจจุบัน
800058,Paw Patrol Cushion ตุ๊กตา,สินค้าและอุปกรณ์สำหรับเด็ก,ของเล่นและเครื่องนอนการตกแต่ง > ของเล่น,82,ตุ๊กตา Paw Patrol (ไม่จัดหมอนเพราะชื่อเป็นตุ๊กตา)
800060,Care Bears Good Luck Bear ตุ๊กตาแคร์แบร์,สินค้าและอุปกรณ์สำหรับเด็ก,ของเล่นและเครื่องนอนการตกแต่ง > ของเล่น,90,ตุ๊กตา
800061,Hello Kitty Candy Fan ของเล่นพัดลม,สินค้าและอุปกรณ์สำหรับเด็ก,ของเล่นและเครื่องนอนการตกแต่ง > ของเล่น,85,ของเล่นพัดลม
800062,Smiggle Squishy Hug-A-Buds ตุ๊กตา,สินค้าและอุปกรณ์สำหรับเด็ก,ของเล่นและเครื่องนอนการตกแต่ง > ของเล่น,90,ตุ๊กตา
800064,Copenhagen Up กระต่ายขนนุ่ม,สินค้าและอุปกรณ์สำหรับเด็ก,สินค้าและอุปกรณ์สำหรับเด็ก,40,กระต่ายขนนุ่ม ไม่มีคำว่าตุ๊กตา/ของเล่น ชัดเจนพอ — คงหมวดปัจจุบัน
800065,My Little Pony Plush Toy Spike Dragon พวงกุญแจ,สินค้าและอุปกรณ์สำหรับเด็ก,ของเล่นและเครื่องนอนการตกแต่ง > ของเล่น,78,ชื่อมี plush toy แม้จะเป็นพวงกุญแจ
800066,RAINBOW HUGS BEAR หมีเรนโบว์,สินค้าและอุปกรณ์สำหรับเด็ก,สินค้าและอุปกรณ์สำหรับเด็ก,40,หมีเรนโบว์ ไม่มีคำว่าตุ๊กตาชัดเจนพอ — คงหมวดปัจจุบัน
800067,Flummi rabbit กระต่ายฟลัม,สินค้าและอุปกรณ์สำหรับเด็ก,สินค้าและอุปกรณ์สำหรับเด็ก,40,กระต่ายฟลัม ไม่ชัดว่าของเล่น — คงหมวดปัจจุบัน
800068,Munchkin Bath Bobbers ของเล่นในน้ำ,สินค้าและอุปกรณ์สำหรับเด็ก,ของเล่นและเครื่องนอนการตกแต่ง > ของเล่น,90,ของเล่นในน้ำ
800069,Freddie Teddy Duck ตุ๊กตาเป็ด,สินค้าและอุปกรณ์สำหรับเด็ก,ของเล่นและเครื่องนอนการตกแต่ง > ของเล่น,90,ตุ๊กตา
800070,Puppito Cutetitos ของเล่นนุ่ม,สินค้าและอุปกรณ์สำหรับเด็ก,ของเล่นและเครื่องนอนการตกแต่ง > ของเล่น,90,ของเล่นนุ่ม
800071,Musical RRH Wolf Doll ตุ๊กตาหมาป่ากางขา,สินค้าและอุปกรณ์สำหรับเด็ก,ของเล่นและเครื่องนอนการตกแต่ง > ของเล่น,90,ตุ๊กตา
800072,Rabbit Doll ตุ๊กตากระต่าย,สินค้าและอุปกรณ์สำหรับเด็ก,ของเล่นและเครื่องนอนการตกแต่ง > ของเล่น,90,ตุ๊กตา
800073,Teddy Bear ตุ๊กตาหมีเท็ดดี้,สินค้าและอุปกรณ์สำหรับเด็ก,ของเล่นและเครื่องนอนการตกแต่ง > ของเล่น,92,teddy bear
800074,Pikmi Pops Lollipop ตุ๊กตา,สินค้าและอุปกรณ์สำหรับเด็ก,ของเล่นและเครื่องนอนการตกแต่ง > ของเล่น,90,ตุ๊กตา
800075,Sheep Doll ตุ๊กตาแกะ,สินค้าและอุปกรณ์สำหรับเด็ก,ของเล่นและเครื่องนอนการตกแต่ง > ของเล่น,90,ตุ๊กตา
800076,Peperico Daily พวงกุญแจเพนกวิน,สินค้าและอุปกรณ์สำหรับเด็ก,สินค้าและอุปกรณ์สำหรับเด็ก,40,พวงกุญแจ ไม่ชัดว่าของเล่นหรือเครื่องประดับ — คงหมวดปัจจุบัน
800077,LOL Fluky Purse Kittyqueen ตุ๊กตานุ่ม,สินค้าและอุปกรณ์สำหรับเด็ก,ของเล่นและเครื่องนอนการตกแต่ง > ของเล่น,85,ตุ๊กตานุ่ม ไม่ใช่กระเป๋าจริง
800078,Unicorn ตุ๊กตายูนิคอร์น,สินค้าและอุปกรณ์สำหรับเด็ก,ของเล่นและเครื่องนอนการตกแต่ง > ของเล่น,90,ตุ๊กตา
800079,The hanging doll has a sound ตุ๊กตาแขวนมีเสียง,สินค้าและอุปกรณ์สำหรับเด็ก,ของเล่นและเครื่องนอนการตกแต่ง > ของเล่น,90,ตุ๊กตาแขวน
800080,Wish Factory Kawaii Cube DC comics jerry&rabbit ตุ๊กตาเจอร์รี่&กระต่าย,สินค้าและอุปกรณ์สำหรับเด็ก,ของเล่นและเครื่องนอนการตกแต่ง > ของเล่น,90,ตุ๊กตา
800082,Hello Kitty Doll Set เซ็ตตุ๊กตาคิตตี้,สินค้าและอุปกรณ์สำหรับเด็ก,ของเล่นและเครื่องนอนการตกแต่ง > ของเล่น,90,เซ็ตตุ๊กตา
800083,Penguin doll set เซ็ตตุ๊กตานกเพนกวิน,สินค้าและอุปกรณ์สำหรับเด็ก,ของเล่นและเครื่องนอนการตกแต่ง > ของเล่น,90,เซ็ตตุ๊กตา
810001,810001,สินค้าและอุปกรณ์สำหรับเด็ก,สินค้าและอุปกรณ์สำหรับเด็ก,15,ชื่อเป็นรหัส SKU อย่างเดียว ไม่เดาหมวด
810002,810002,สินค้าและอุปกรณ์สำหรับเด็ก,สินค้าและอุปกรณ์สำหรับเด็ก,15,ชื่อเป็นรหัส SKU อย่างเดียว ไม่เดาหมวด
810004,810004,สินค้าและอุปกรณ์สำหรับเด็ก,สินค้าและอุปกรณ์สำหรับเด็ก,15,ชื่อเป็นรหัส SKU อย่างเดียว ไม่เดาหมวด
810005,810005,สินค้าและอุปกรณ์สำหรับเด็ก,สินค้าและอุปกรณ์สำหรับเด็ก,15,ชื่อเป็นรหัส SKU อย่างเดียว ไม่เดาหมวด
810006,810006,สินค้าและอุปกรณ์สำหรับเด็ก,สินค้าและอุปกรณ์สำหรับเด็ก,15,ชื่อเป็นรหัส SKU อย่างเดียว ไม่เดาหมวด
810007,810007,ของเล่นและเครื่องนอนการตกแต่ง,ของเล่นและเครื่องนอนการตกแต่ง,15,ชื่อเป็นรหัส SKU อย่างเดียว ไม่เดาหมวด
810008,810008,สินค้าและอุปกรณ์สำหรับเด็ก,สินค้าและอุปกรณ์สำหรับเด็ก,15,ชื่อเป็นรหัส SKU อย่างเดียว ไม่เดาหมวด
810009,810009,สินค้าและอุปกรณ์สำหรับเด็ก,สินค้าและอุปกรณ์สำหรับเด็ก,15,ชื่อเป็นรหัส SKU อย่างเดียว ไม่เดาหมวด
810010,810010,สินค้าและอุปกรณ์สำหรับเด็ก,สินค้าและอุปกรณ์สำหรับเด็ก,15,ชื่อเป็นรหัส SKU อย่างเดียว ไม่เดาหมวด
810011,810011,สินค้าและอุปกรณ์สำหรับเด็ก,สินค้าและอุปกรณ์สำหรับเด็ก,15,ชื่อเป็นรหัส SKU อย่างเดียว ไม่เดาหมวด
810012,810012,สินค้าและอุปกรณ์สำหรับเด็ก,สินค้าและอุปกรณ์สำหรับเด็ก,15,ชื่อเป็นรหัส SKU อย่างเดียว ไม่เดาหมวด
810013,810013,สินค้าและอุปกรณ์สำหรับเด็ก,สินค้าและอุปกรณ์สำหรับเด็ก,15,ชื่อเป็นรหัส SKU อย่างเดียว ไม่เดาหมวด
810014,810014,สินค้าและอุปกรณ์สำหรับเด็ก,สินค้าและอุปกรณ์สำหรับเด็ก,15,ชื่อเป็นรหัส SKU อย่างเดียว ไม่เดาหมวด
810015,810015,สินค้าและอุปกรณ์สำหรับเด็ก,สินค้าและอุปกรณ์สำหรับเด็ก,15,ชื่อเป็นรหัส SKU อย่างเดียว ไม่เดาหมวด
810016,810016,สินค้าและอุปกรณ์สำหรับเด็ก,สินค้าและอุปกรณ์สำหรับเด็ก,15,ชื่อเป็นรหัส SKU อย่างเดียว ไม่เดาหมวด
810017,810017,สินค้าและอุปกรณ์สำหรับเด็ก,สินค้าและอุปกรณ์สำหรับเด็ก,15,ชื่อเป็นรหัส SKU อย่างเดียว ไม่เดาหมวด
810018,810018,สินค้าและอุปกรณ์สำหรับเด็ก,สินค้าและอุปกรณ์สำหรับเด็ก,15,ชื่อเป็นรหัส SKU อย่างเดียว ไม่เดาหมวด
810019,810019,สินค้าและอุปกรณ์สำหรับเด็ก,สินค้าและอุปกรณ์สำหรับเด็ก,15,ชื่อเป็นรหัส SKU อย่างเดียว ไม่เดาหมวด
810020,810020,สินค้าและอุปกรณ์สำหรับเด็ก,สินค้าและอุปกรณ์สำหรับเด็ก,15,ชื่อเป็นรหัส SKU อย่างเดียว ไม่เดาหมวด
810021,810021,สินค้าและอุปกรณ์สำหรับเด็ก,สินค้าและอุปกรณ์สำหรับเด็ก,15,ชื่อเป็นรหัส SKU อย่างเดียว ไม่เดาหมวด
810022,810022,สินค้าและอุปกรณ์สำหรับเด็ก,สินค้าและอุปกรณ์สำหรับเด็ก,15,ชื่อเป็นรหัส SKU อย่างเดียว ไม่เดาหมวด
810023,810023,สินค้าและอุปกรณ์สำหรับเด็ก,สินค้าและอุปกรณ์สำหรับเด็ก,15,ชื่อเป็นรหัส SKU อย่างเดียว ไม่เดาหมวด
900003,Go Fishing เกมส์ตกเป็ด,สินค้าและอุปกรณ์สำหรับเด็ก,ของเล่นและเครื่องนอนการตกแต่ง > ของเล่น,82,เกมส์ตกเป็ด
900005,Dr. Seuss Beginner Counting Cards การ์ดนับตัวเลข,สินค้าและอุปกรณ์สำหรับเด็ก,ของเล่นและเครื่องนอนการตกแต่ง > ของเล่น,72,การ์ดนับตัวเลข จัดเป็นของเล่นเสริมพัฒนาการ
900006,Get Ready for School Connecting Cards: Letters การ์ดเตรียมความพร้อมสำหรับโรงเรียน,สินค้าและอุปกรณ์สำหรับเด็ก,ของเล่นและเครื่องนอนการตกแต่ง > ของเล่น,72,การ์ดเตรียมโรงเรียน จัดเป็นของเล่นเสริมพัฒนาการ
900008,Little Owl แว่นตากรองแสงสีฟ้าทรงเหลี่ยมสำหรับเด็ก,สินค้าและอุปกรณ์สำหรับเด็ก,เสื้อผ้าและเครื่องประดับ > เครื่องประดับ,72,แว่นตากรองแสง จัดเป็นเครื่องประดับแฟชั่น
900009,Clatter Orchard ของเล่นไม้กรับสายรุ้ง,สินค้าและอุปกรณ์สำหรับเด็ก,ของเล่นและเครื่องนอนการตกแต่ง > ของเล่น,88,ของเล่นไม้
900010,Mini Roller รถบดถนนเล็ก,สินค้าและอุปกรณ์สำหรับเด็ก,ของเล่นและเครื่องนอนการตกแต่ง > ของเล่น,75,รถบดถนนเล็ก คือของเล่นยานยนต์
900012,Honorable Prince ชุดเจ้าชาย,สินค้าและอุปกรณ์สำหรับเด็ก,เสื้อผ้าและเครื่องประดับ > ชุดแฟนซี,85,ชุดเจ้าชาย คือชุดแฟนซี/สวมบทบาท
900019,Blue Astronaut Flight Suit ชุดนักบินอวกาศ,สินค้าและอุปกรณ์สำหรับเด็ก,เสื้อผ้าและเครื่องประดับ > ชุดแฟนซี,85,ชุดนักบินอวกาศ คือชุดสวมบทบาท
900023,CAPTAIN AMERICA ชุดกัปตันอเมริกา,สินค้าและอุปกรณ์สำหรับเด็ก,เสื้อผ้าและเครื่องประดับ > ชุดแฟนซี,88,ชุดกัปตันอเมริกา คือชุดตัวละคร
900037,Vest Tops เสื้อกล้าามเด็ก,สินค้าและอุปกรณ์สำหรับเด็ก,เสื้อผ้าและเครื่องประดับ > เสื้อเด็ก,88,เสื้อกล้าม
900044,Faux Fur Scarf ผ้าพันคอขนเทียม,สินค้าและอุปกรณ์สำหรับเด็ก,เสื้อผ้าและเครื่องประดับ > เครื่องประดับ,90,ผ้าพันคอ
900046,Faux fur bolero โบเลโรขนเทียม,สินค้าและอุปกรณ์สำหรับเด็ก,เสื้อผ้าและเครื่องประดับ > เสื้อแจ็คเก็ตและฮู้ด,78,โบเลโรเป็นเสื้อคลุมสั้น ไม่ใช่ผ้าพันคอ
900051,Rabbit Blanket ผ้าห่มเด็กคู่กระต่ายน้อย,สินค้าและอุปกรณ์สำหรับเด็ก,ของเล่นและเครื่องนอนการตกแต่ง > เครื่องนอนและผ้าปู,90,ผ้าห่ม
900052,Cotton Muslin Dream Blanket ผ้าห่ม,สินค้าและอุปกรณ์สำหรับเด็ก,ของเล่นและเครื่องนอนการตกแต่ง > เครื่องนอนและผ้าปู,90,ผ้าห่ม
900054,Bed Sheet ผ้าปูที่นอนสำหรับเด็ก,สินค้าและอุปกรณ์สำหรับเด็ก,ของเล่นและเครื่องนอนการตกแต่ง > เครื่องนอนและผ้าปู,92,ผ้าปูที่นอน
900055,Swiss Cross in Gray Bed Sheet ผ้าปูที่นอนสำหรับเด็ก,สินค้าและอุปกรณ์สำหรับเด็ก,ของเล่นและเครื่องนอนการตกแต่ง > เครื่องนอนและผ้าปู,92,ผ้าปูที่นอน
900056,Towel ผ้าขนหนูลายสายรุ้ง,สินค้าและอุปกรณ์สำหรับเด็ก,ของเล่นและเครื่องนอนการตกแต่ง > เครื่องนอนและผ้าปู,80,ผ้าขนหนู จัดเป็นผ้าใช้ในห้องเด็ก
900057,Blue Blanket Polka dots ผ้าห่มผืนยาวลายจุด,สินค้าและอุปกรณ์สำหรับเด็ก,ของเล่นและเครื่องนอนการตกแต่ง > เครื่องนอนและผ้าปู,90,ผ้าห่ม
900058,Cotton Muslin Dream Blanket ผ้าห่ม,สินค้าและอุปกรณ์สำหรับเด็ก,ของเล่นและเครื่องนอนการตกแต่ง > เครื่องนอนและผ้าปู,90,ผ้าห่ม
900059,Bed Sheet ผ้าปูที่นอนลายจุด,สินค้าและอุปกรณ์สำหรับเด็ก,ของเล่นและเครื่องนอนการตกแต่ง > เครื่องนอนและผ้าปู,92,ผ้าปูที่นอน
900062,Vest Tops เสื้อกล้ามเด็ก,สินค้าและอุปกรณ์สำหรับเด็ก,เสื้อผ้าและเครื่องประดับ > เสื้อเด็ก,88,เสื้อกล้าม
900063,Kids Tank Top เสื้อกล้ามเด็ก,สินค้าและอุปกรณ์สำหรับเด็ก,เสื้อผ้าและเครื่องประดับ > เสื้อเด็ก,88,tank top คือเสื้อกล้าม
900073,Soft Cotton Dungarees ชุดเอี๊ยมผ้าฝ้ายเนื้อนุ่ม,สินค้าและอุปกรณ์สำหรับเด็ก,เสื้อผ้าและเครื่องประดับ > กางเกงเด็ก,85,เอี๊ยม/dungarees จัดเป็นกางเกง ไม่ใช่ยีนส์
900074,SST TRACK SUIT ชุดวอร์ม,สินค้าและอุปกรณ์สำหรับเด็ก,เสื้อผ้าและเครื่องประดับ > ชุดเซ็ต,78,track suit คือชุดวอร์มสองชิ้น
900078,Otis Muscle Tank Wash เสื้อกล้าม,สินค้าและอุปกรณ์สำหรับเด็ก,เสื้อผ้าและเครื่องประดับ > เสื้อเด็ก,88,เสื้อกล้าม
900087,Shirt and Pants เซตเสื้อและกางเกง,สินค้าและอุปกรณ์สำหรับเด็ก,เสื้อผ้าและเครื่องประดับ > ชุดเซ็ต,86,ชื่อเป็นเซ็ตหลายชิ้น (เสื้อ+กางเกง/บอดี้สูทหลายชิ้น)
900096,Knitted Jumper เสื้อไหมพรม,สินค้าและอุปกรณ์สำหรับเด็ก,เสื้อผ้าและเครื่องประดับ > เสื้อเด็ก,78,jumper/เสื้อไหมพรม เป็นเสื้อไม่ใช่แจ็คเก็ตชัดเจน
900112,Music For mothers and babies ดนตรีฟังสบายๆสำหรับคุณแม่และลูกน้อย,หนังสือและดนตรี,หนังสือและดนตรี > ดนตรี,90,สื่อดนตรีสำหรับแม่และเด็ก ไม่ใช่หนังสือ
900116,Kids Flying safe with kids made easy สายขาดรัดเพื่อความปลอดภัยของเด็กๆบนเครื่องบิน,สินค้าและอุปกรณ์สำหรับเด็ก,เครื่องมือการเลี้ยงดูเด็ก > อุปกรณ์ความปลอดภัย,75,สายรัดความปลอดภัยบนเครื่องบิน
900120,Crib bedding ผ้ารองนอนกันเปื้อนสำหรับเด็ก,สินค้าและอุปกรณ์สำหรับเด็ก,ของเล่นและเครื่องนอนการตกแต่ง > เครื่องนอนและผ้าปู,90,crib bedding / ผ้ารองนอนกันเปื้อน
910001,910001,สินค้าและอุปกรณ์สำหรับเด็ก,สินค้าและอุปกรณ์สำหรับเด็ก,15,ชื่อเป็นรหัส SKU อย่างเดียว ไม่เดาหมวด
910002,910002,สินค้าและอุปกรณ์สำหรับเด็ก,สินค้าและอุปกรณ์สำหรับเด็ก,15,ชื่อเป็นรหัส SKU อย่างเดียว ไม่เดาหมวด
910003,910003,สินค้าและอุปกรณ์สำหรับเด็ก,สินค้าและอุปกรณ์สำหรับเด็ก,15,ชื่อเป็นรหัส SKU อย่างเดียว ไม่เดาหมวด
910004,910004,สินค้าและอุปกรณ์สำหรับเด็ก,สินค้าและอุปกรณ์สำหรับเด็ก,15,ชื่อเป็นรหัส SKU อย่างเดียว ไม่เดาหมวด
910006,910006,สินค้าและอุปกรณ์สำหรับเด็ก,สินค้าและอุปกรณ์สำหรับเด็ก,15,ชื่อเป็นรหัส SKU อย่างเดียว ไม่เดาหมวด
910007,910007,สินค้าและอุปกรณ์สำหรับเด็ก,สินค้าและอุปกรณ์สำหรับเด็ก,15,ชื่อเป็นรหัส SKU อย่างเดียว ไม่เดาหมวด
910008,910008,สินค้าและอุปกรณ์สำหรับเด็ก,สินค้าและอุปกรณ์สำหรับเด็ก,15,ชื่อเป็นรหัส SKU อย่างเดียว ไม่เดาหมวด
910010,910010,สินค้าและอุปกรณ์สำหรับเด็ก,สินค้าและอุปกรณ์สำหรับเด็ก,15,ชื่อเป็นรหัส SKU อย่างเดียว ไม่เดาหมวด
910011,910011,สินค้าและอุปกรณ์สำหรับเด็ก,สินค้าและอุปกรณ์สำหรับเด็ก,15,ชื่อเป็นรหัส SKU อย่างเดียว ไม่เดาหมวด
910012,910012,สินค้าและอุปกรณ์สำหรับเด็ก,สินค้าและอุปกรณ์สำหรับเด็ก,15,ชื่อเป็นรหัส SKU อย่างเดียว ไม่เดาหมวด
910013,910013,สินค้าและอุปกรณ์สำหรับเด็ก,สินค้าและอุปกรณ์สำหรับเด็ก,15,ชื่อเป็นรหัส SKU อย่างเดียว ไม่เดาหมวด
910014,910014,สินค้าและอุปกรณ์สำหรับเด็ก,สินค้าและอุปกรณ์สำหรับเด็ก,15,ชื่อเป็นรหัส SKU อย่างเดียว ไม่เดาหมวด
910016,910016,สินค้าและอุปกรณ์สำหรับเด็ก,สินค้าและอุปกรณ์สำหรับเด็ก,15,ชื่อเป็นรหัส SKU อย่างเดียว ไม่เดาหมวด
910019,910019,สินค้าและอุปกรณ์สำหรับเด็ก,สินค้าและอุปกรณ์สำหรับเด็ก,15,ชื่อเป็นรหัส SKU อย่างเดียว ไม่เดาหมวด
910020,910020,สินค้าและอุปกรณ์สำหรับเด็ก,สินค้าและอุปกรณ์สำหรับเด็ก,15,ชื่อเป็นรหัส SKU อย่างเดียว ไม่เดาหมวด
910021,910021,สินค้าและอุปกรณ์สำหรับเด็ก,สินค้าและอุปกรณ์สำหรับเด็ก,15,ชื่อเป็นรหัส SKU อย่างเดียว ไม่เดาหมวด
910024,910024,สินค้าและอุปกรณ์สำหรับเด็ก,สินค้าและอุปกรณ์สำหรับเด็ก,15,ชื่อเป็นรหัส SKU อย่างเดียว ไม่เดาหมวด
910025,910025,สินค้าและอุปกรณ์สำหรับเด็ก,สินค้าและอุปกรณ์สำหรับเด็ก,15,ชื่อเป็นรหัส SKU อย่างเดียว ไม่เดาหมวด
910026,910026,สินค้าและอุปกรณ์สำหรับเด็ก,สินค้าและอุปกรณ์สำหรับเด็ก,15,ชื่อเป็นรหัส SKU อย่างเดียว ไม่เดาหมวด
910028,910028,สินค้าและอุปกรณ์สำหรับเด็ก,สินค้าและอุปกรณ์สำหรับเด็ก,15,ชื่อเป็นรหัส SKU อย่างเดียว ไม่เดาหมวด
910029,910029,สินค้าและอุปกรณ์สำหรับเด็ก,สินค้าและอุปกรณ์สำหรับเด็ก,15,ชื่อเป็นรหัส SKU อย่างเดียว ไม่เดาหมวด
910030,910030,หนังสือและดนตรี,หนังสือและดนตรี,15,ชื่อเป็นรหัส SKU อย่างเดียว ไม่เดาหมวด
910040,910040,สินค้าและอุปกรณ์สำหรับเด็ก,สินค้าและอุปกรณ์สำหรับเด็ก,15,ชื่อเป็นรหัส SKU อย่างเดียว ไม่เดาหมวด
